:020000040800F2
:10000000005000201D600008E95D0008F15D000857
:10001000F95D0008015E0008095E000800000000AC
:10002000000000000000000000000000115E000859
:100030001D5E000800000000295E0008355E000813
:10004000656000086560000865600008656000087C
:10005000656000086560000865600008656000086C
:10006000656000086560000865600008656000085C
:10007000656000086560000865600008656000084C
:10008000656000086560000865600008656000083C
:10009000656000086560000865600008415E000852
:1000A000656000086560000865600008656000081C
:1000B000595E00086560000865600008656000081A
:1000C00065600008656000086560000865600008FC
:1000D00065600008656000086560000865600008EC
:1000E0006D5E0008656000086560000800000000A3
:1000F0000000000000000000000000000000000000
:0C01000000000000000000005FF808F1A3
:1001100010B5054C237833B9044B13B10448AFF341
:1001200000800123237010BDF001002000000000BA
:10013000FCBE000808B5034B1BB103490348AFF3ED
:10014000008008BD00000000F4010020FCBE000893
:1001500010F8012B11F8013B012A28BF9A42F7D071
:10016000D01A7047034613F8012B002AFBD1181A46
:100170000138704781F0004102E000BF83F0004386
:1001800030B54FEA41044FEA430594EA050F08BF32
:1001900090EA020F1FBF54EA000C55EA020C7FEAF6
:1001A000645C7FEA655C00F0E2804FEA5454D4EB73
:1001B0005555B8BF6D420CDD2C4480EA020281EA3D
:1001C000030382EA000083EA010180EA020281EA75
:1001D0000303362D88BF30BD11F0004F4FEA0131C7
:1001E0004FF4801C4CEA113102D0404261EB4101D6
:1001F00013F0004F4FEA03334CEA133302D052425C
:1002000063EB430394EA050F00F0A780A4F1010417
:10021000D5F1200E0DDB02FA0EFC22FA05F2801851
:1002200041F1000103FA0EF2801843FA05F3594137
:100230000EE0A5F120050EF1200E012A03FA0EFCB6
:1002400028BF4CF0020C43FA05F3C01851EBE371E0
:1002500001F0004507D54FF0000EDCF1000C7EEBFD
:1002600000006EEB0101B1F5801F1BD3B1F5001F3B
:100270000CD349085FEA30004FEA3C0C04F101045A
:100280004FEA445212F5800F80F09A80BCF1004F83
:1002900008BF5FEA500C50F1000041EB045141EA05
:1002A000050130BD5FEA4C0C404141EB0101013CCE
:1002B00028BFB1F5801FE9D291F0000F04BF0146BD
:1002C0000020B1FA81F308BF2033A3F10B03B3F18F
:1002D00020020CDA0C3208DD02F1140CC2F10C021F
:1002E00001FA0CF021FA02F10CE002F11402D8BF7D
:1002F000C2F1200C01FA02F120FA0CFCDCBF41EA49
:100300000C019040E41AA2BF01EB0451294330BD17
:100310006FEA04041F3C1CDA0C340EDC04F11404F4
:10032000C4F1200220FA04F001FA02F340EA0300CB
:1003300021FA04F345EA030130BDC4F10C04C4F111
:10034000200220FA02F001FA04F340EA03002946F1
:1003500030BD21FA04F0294630BD94F0000F83F43B
:10036000801306BF81F480110134013D4EE77FEA1E
:10037000645C18BF7FEA655C29D094EA050F08BF6A
:1003800090EA020F05D054EA000C04BF194610464B
:1003900030BD91EA030F1EBF0021002030BD5FEA8F
:1003A000545C05D14000494128BF41F0004130BDB7
:1003B00014F580043CBF01F5801130BD01F000450B
:1003C00045F0FE4141F470014FF0000030BD7FEA7E
:1003D000645C1ABF194610467FEA655C1CBF0B4679
:1003E000024650EA013406BF52EA033591EA030F90
:1003F00041F4002130BD00BF90F0000F04BF002188
:10040000704730B54FF4806404F132044FF00005BA
:100410004FF0000150E700BF90F0000F04BF002133
:10042000704730B54FF4806404F1320410F0004599
:1004300048BF40424FF000013EE700BF42004FEA94
:10044000E2014FEA31014FEA02701FBF12F07F4311
:1004500093F07F4F81F06051704732F07F4208BFC8
:10046000704793F07F4F04BF41F40021704730B5CF
:100470004FF4607401F0004521F000411CE700BF1B
:1004800050EA010208BF704730B54FF000050AE09E
:1004900050EA010208BF704730B511F0004502D59F
:1004A000404261EB41014FF4806404F132045FEAA1
:1004B000915C3FF4D8AE4FF003025FEADC0C18BF4A
:1004C00003325FEADC0C18BF033202EBDC02C2F13C
:1004D000200300FA03FC20FA02F001FA03FE40EACE
:1004E0000E0021FA02F11444BDE600BF70B54FF0D2
:1004F000FF0C4CF4E06C1CEA11541DBF1CEA1355B0
:1005000094EA0C0F95EA0C0F00F0DEF82C4481EA17
:10051000030621EA4C5123EA4C5350EA013518BF37
:1005200052EA033541F4801143F4801338D0A0FB24
:1005300002CE4FF00005E1FB02E506F00042E0FBD1
:1005400003E54FF00006E1FB03569CF0000F18BFD7
:100550004EF0010EA4F1FF04B6F5007F64F540747F
:1005600004D25FEA4E0E6D4146EB060642EAC62112
:1005700041EA55514FEAC52040EA5E504FEACE2E7F
:10058000B4F1FD0C88BFBCF5E06F1ED8BEF1004F82
:1005900008BF5FEA500E50F1000041EB045170BDFE
:1005A00006F0004646EA010140EA020081EA030142
:1005B000B4EB5C04C2BFD4EB0C0541EA045170BD3E
:1005C00041F480114FF0000E013C00F3AB8014F1B8
:1005D000360FDEBF002001F0004170BDC4F1000401
:1005E000203C35DA0C341BDC04F11404C4F1200582
:1005F00000FA05F320FA04F001FA05F240EA0200DD
:1006000001F0004221F0004110EBD37021FA04F612
:1006100042EB06015EEA430E08BF20EAD37070BDCC
:10062000C4F10C04C4F1200500FA04F320FA05F02B
:1006300001FA04F240EA020001F0004110EBD3702D
:1006400041F100015EEA430E08BF20EAD37070BD9D
:10065000C4F1200500FA05F24EEA020E20FA04F376
:1006600001FA05F243EA020321FA04F001F0004125
:1006700021FA04F220EA020000EBD3705EEA430E96
:1006800008BF20EAD37070BD94F0000F0FD101F0C5
:100690000046400041EB010111F4801F08BF013CFE
:1006A000F7D041EA060195F0000F18BF704703F03C
:1006B0000046520043EB030313F4801F08BF013DC3
:1006C000F7D043EA0603704794EA0C0F0CEA13557F
:1006D00018BF95EA0C0F0CD050EA410618BF52EA39
:1006E0004306D1D181EA030101F000414FF000003F
:1006F00070BD50EA410606BF1046194652EA43064D
:1007000019D094EA0C0F02D150EA013613D195EAC0
:100710000C0F05D152EA03361CBF104619460AD108
:1007200081EA030101F0004141F0FE4141F4700112
:100730004FF0000070BD41F0FE4141F4780170BD02
:1007400070B54FF0FF0C4CF4E06C1CEA11541DBF67
:100750001CEA135594EA0C0F95EA0C0F00F0A7F869
:10076000A4EB050481EA030E52EA03354FEA013196
:1007700000F088804FEA03334FF0805545EA1313A9
:1007800043EA12634FEA022245EA111545EA106571
:100790004FEA00260EF000419D4208BF964244F108
:1007A000FD0404F5407402D25B084FEA3202B61A27
:1007B00065EB03055B084FEA32024FF480104FF4FB
:1007C000002CB6EB020E75EB030E22BFB61A75466F
:1007D00040EA0C005B084FEA3202B6EB020E75EB02
:1007E000030E22BFB61A754640EA5C005B084FEA6A
:1007F0003202B6EB020E75EB030E22BFB61A754637
:1008000040EA9C005B084FEA3202B6EB020E75EB41
:10081000030E22BFB61A754640EADC0055EA060E02
:1008200018D04FEA051545EA16754FEA06164FEA45
:10083000C30343EA52734FEAC2025FEA1C1CC0D1F1
:1008400011F4801F0BD141EA00014FF000004FF07E
:10085000004CB6E711F4801F04BF01430020B4F13F
:10086000FD0C88BFBCF5E06F3FF6AFAEB5EB030CF7
:1008700004BFB6EB020C5FEA500C50F1000041EBF4
:10088000045170BD0EF0004E4EEA113114EB5C04C1
:10089000C2BFD4EB0C0541EA045170BD41F4801194
:1008A0004FF0000E013C90E645EA060E8DE60CEA9C
:1008B000135594EA0C0F08BF95EA0C0F3FF43BAFB9
:1008C00094EA0C0F0AD150EA01347FF434AF95EA70
:1008D0000C0F7FF425AF104619462CE795EA0C0F54
:1008E00006D152EA03353FF4FDAE1046194622E721
:1008F00050EA410618BF52EA43067FF4C5AE50EAFB
:1009000041047FF40DAF52EA43057FF4EBAE12E7EA
:100910004FF0FF3C06E000BF4FF0010C02E000BFCB
:100920004FF0010C4DF804CD4FEA410C7FEA6C5CAE
:100930004FEA430C18BF7FEA6C5C1BD001B050EA51
:10094000410C0CBF52EA430C91EA030F02BF90EA3C
:10095000020F0020704710F1000F91EA030F58BFFB
:10096000994208BF90422CBFD8176FEAE37040F05D
:10097000010070474FEA410C7FEA6C5C02D150EAFB
:10098000013C07D14FEA430C7FEA6C5CD6D152EAB6
:10099000033CD3D05DF8040B704700BF844610467B
:1009A00062468C461946634600E000BF01B5FFF77A
:1009B000B7FF002848BF10F1000F01BD4DF808ED4A
:1009C000FFF7F4FF0CBF012000205DF808FB00BF1B
:1009D0004DF808EDFFF7EAFF34BF012000205DF875
:1009E00008FB00BF4DF808EDFFF7E0FF94BF0120C2
:1009F00000205DF808FB00BF4DF808EDFFF7CEFFC3
:100A000094BF012000205DF808FB00BF4DF808ED01
:100A1000FFF7C4FF34BF012000205DF808FB00BFD2
:100A20004FEA410C7FEA6C5C02D150EA013C0AD1EA
:100A30004FEA430C7FEA6C5C02D152EA033C02D1DC
:100A40004FF0000070474FF0010070474FEA41023D
:100A500012F5001215D211D56FF47873B3EB625210
:100A600012D94FEAC12343F0004343EA505311F037
:100A7000004F23FA02F018BF404270474FF00000C9
:100A8000704750EA013005D111F0004008BF6FF007
:100A9000004070474FF00000704700BF80F00040FA
:100AA00002E000BF81F0004142001FBF5FEA410346
:100AB00092EA030F7FEA226C7FEA236C6AD04FEA46
:100AC0001262D2EB1363C1BFD2184140484041408B
:100AD000B8BF5B42192B88BF704710F0004F40F43D
:100AE000000020F07F4018BF404211F0004F41F459
:100AF000000121F07F4118BF494292EA030F3FD025
:100B0000A2F1010241FA03FC10EB0C00C3F1200337
:100B100001FA03F100F0004302D5494260EB4000C6
:100B2000B0F5000F13D3B0F1807F06D340084FEA31
:100B3000310102F10102FE2A51D2B1F1004F40EB26
:100B4000C25008BF20F0010040EA0300704749008E
:100B500040EB0000013A28BFB0F5000FEDD2B0FA2B
:100B600080FCACF1080CB2EB0C0200FA0CF0AABF4E
:100B700000EBC25052421843BCBFD04018437047EC
:100B800092F0000F81F4000106BF80F400000132F2
:100B9000013BB5E74FEA41037FEA226C18BF7FEAC9
:100BA000236C21D092EA030F04D092F0000F08BF0B
:100BB0000846704790EA010F1CBF0020704712F0F2
:100BC0007F4F04D1400028BF40F00040704712F131
:100BD00000723CBF00F50000704700F0004343F096
:100BE000FE4040F4000070477FEA226216BF0846CC
:100BF0007FEA23630146420206BF5FEA412390EA8F
:100C0000010F40F4800070474FF0000304E000BF84
:100C100010F0004348BF40425FEA000C08BF704735
:100C200043F0964301464FF000001CE050EA0102F9
:100C300008BF70474FF000030AE000BF50EA01020E
:100C400008BF704711F0004302D5404261EB4101FB
:100C50005FEA010C02BF84460146002043F0B64320
:100C600008BFA3F18053A3F50003BCFA8CF2083A45
:100C7000A3EBC25310DB01FA02FC634400FA02FC4E
:100C8000C2F12002BCF1004F20FA02F243EB020055
:100C900008BF20F00100704702F1200201FA02FCB7
:100CA000C2F1200250EA4C0021FA02F243EB0200AA
:100CB00008BF20EADC7070474FF0FF0C1CEAD052EE
:100CC0001EBF1CEAD15392EA0C0F93EA0C0F6FD0AF
:100CD0001A4480EA010C400218BF5FEA41211ED08D
:100CE0004FF0006343EA501043EA5111A0FB013179
:100CF0000CF00040B1F5000F3EBF490041EAD3714E
:100D00005B0040EA010062F17F02FD2A1DD8B3F1C9
:100D1000004F40EBC25008BF20F00100704790F038
:100D2000000F0CF0004C08BF49024CEA502040EA8A
:100D300051207F3AC2BFD2F1FF0340EAC250704750
:100D400040F400004FF00003013A5DDC12F1190F8E
:100D5000DCBF00F000407047C2F10002410021FA00
:100D600002F1C2F1200200FA02FC5FEA310040F118
:100D7000000053EA4C0308BF20EADC70704792F091
:100D8000000F00F0004C02BF400010F4000F013AC9
:100D9000F9D040EA0C0093F0000F01F0004C02BFC4
:100DA000490011F4000F013BF9D041EA0C018FE733
:100DB0000CEAD15392EA0C0F18BF93EA0C0F0AD039
:100DC00030F0004C18BF31F0004CD8D180EA01005F
:100DD00000F00040704790F0000F17BF90F0004FF8
:100DE000084691F0000F91F0004F14D092EA0C0FDA
:100DF00001D142020FD193EA0C0F03D14B0218BF6D
:100E0000084608D180EA010000F0004040F0FE40B2
:100E100040F40000704740F0FE4040F4400070474E
:100E20004FF0FF0C1CEAD0521EBF1CEAD15392EACD
:100E30000C0F93EA0C0F69D0A2EB030280EA010CBD
:100E400049024FEA402037D04FF0805343EA111156
:100E500043EA10130CF000408B4238BF5B0042F1B4
:100E60007D024FF4000C8B4224BF5B1A40EA0C0059
:100E7000B3EB510F24BFA3EB510340EA5C00B3EB8B
:100E8000910F24BFA3EB910340EA9C00B3EBD10F79
:100E900024BFA3EBD10340EADC001B0118BF5FEACB
:100EA0001C1CE0D1FD2A3FF650AF8B4240EBC250F4
:100EB00008BF20F0010070470CF0004C4CEA5020B5
:100EC0007F32C2BFD2F1FF0340EAC250704740F404
:100ED00000004FF00003013A37E792F0000F00F0F6
:100EE000004C02BF400010F4000F013AF9D040EA74
:100EF0000C0093F0000F01F0004C02BF490011F408
:100F0000000F013BF9D041EA0C0195E70CEAD153FF
:100F100092EA0C0F08D142027FF47DAF93EA0C0FE6
:100F20007FF470AF084676E793EA0C0F04D14B02CA
:100F30003FF44CAF08466EE730F0004C18BF31F07C
:100F4000004CCAD130F000427FF45CAF31F0004376
:100F50007FF43CAF5FE700BF4FF0FF3C06E000BF0F
:100F60004FF0010C02E000BF4FF0010C4DF804CD32
:100F70004FEA40024FEA41037FEA226C18BF7FEA42
:100F8000236C11D001B052EA530C18BF90EA010F44
:100F900058BFB2EB030088BFC81738BF6FEAE170D3
:100FA00018BF40F0010070477FEA226C02D15FEA6F
:100FB000402C05D17FEA236CE4D15FEA412CE1D0DB
:100FC0005DF8040B704700BF844608466146FFE7A2
:100FD0000FB5FFF7C9FF002848BF10F1000F0FBD84
:100FE0004DF808EDFFF7F4FF0CBF012000205DF87D
:100FF00008FB00BF4DF808EDFFF7EAFF34BF012002
:1010000000205DF808FB00BF4DF808EDFFF7E0FF9A
:1010100094BF012000205DF808FB00BF4DF808EDEB
:10102000FFF7D2FF94BF012000205DF808FB00BF4E
:101030004DF808EDFFF7C8FF34BF012000205DF830
:1010400008FB00BF4FEA40024FEA41037FEA226CEF
:1010500002D15FEA402C08D17FEA236C02D15FEA1B
:10106000412C02D14FF0000070474FF00100704753
:101070004FEA4002B2F1FE4F0FD34FF09E03B3EBA5
:1010800012620DD94FEA002343F0004310F0004FE5
:1010900023FA02F018BF404270474FF0000070473B
:1010A00012F1610F01D1420205D110F0004008BFDA
:1010B0006FF0004070474FF00000704742000ED2C2
:1010C000B2F1FE4F0BD34FF09E03B3EB126209D483
:1010D0004FEA002343F0004323FA02F070474FF039
:1010E0000000704712F1610F01D1420202D14FF0AE
:1010F000FF3070474FF00000704700BF80B582B0EE
:1011000000AF7860084611461A460346FB700B464E
:10111000BB7013467B702F4A7B681360FB785B00C3
:10112000DAB22C4B1A712B4ABB785371294A7B785F
:101130009371284B0822DA71322004F0F7FF254B17
:10114000DB79184600F030F94FF47A7004F0EEFFC6
:10115000302000F017F9052004F0E8FF302000F0FF
:1011600011F9052004F0E2FF302000F00BF9012016
:1011700004F0DCFF202000F005F9164B00221A7263
:10118000144B9B79012B06D9124B1B7A43F00803B1
:10119000DAB2104B1A720F4B1B7A43F02003DBB20A
:1011A000184600F09DF80B4B04225A7200F01EF80E
:1011B000084B02229A72074B9B7A43F00403DBB27E
:1011C000184600F08DF800F007F800BF0837BD465C
:1011D00080BD00BF0C02002080B500AF012000F0F0
:1011E0007FF8022004F0A2FF00BF80BD80B500AFF1
:1011F000084B5B7A43F00403DAB2064B5A72054B94
:101200005B7A43F00803DBB2184600F069F800BFD0
:1012100080BD00BF0C02002080B500AF084B5B7A98
:1012200023F00103DAB2064B5A72054B5B7A43F0A6
:101230000803DBB2184600F053F800BF80BD00BFC2
:101240000C02002080B500AF084B5B7A43F001032D
:10125000DAB2064B5A72054B5B7A43F00803DBB2F5
:10126000184600F03DF800BF80BD00BF0C02002012
:1012700080B500AF034B0822DA71002000F094F82B
:1012800000BF80BD0C02002080B584B000AF0346D3
:101290000A46FB711346BB710F4BFB600F4B9B79EA
:1012A000BA799A4203D30D4B9B79013BBB71BB7951
:1012B00010333B4413F8042CFB791344DBB25BB2CC
:1012C00063F07F035BB2DBB2184600F009F800BFA1
:1012D0001037BD4680BD00BF004014540C020020F2
:1012E00080B582B000AF0346FB71FB790021184640
:1012F00000F027F800BF0837BD4680BD80B582B03A
:1013000000AF0346FB71FB790121184600F019F884
:1013100000BF0837BD4680BD80B582B000AF7860A1
:1013200006E07B685A1C7A601B781846FFF7E6FFD8
:101330007B681B78002BF4D100BF00BF0837BD4687
:1013400080BD80B584B000AF03460A46FB711346EA
:10135000BB71FB7923F00F03FB73FB791B01BB739C
:10136000FA7BBB791343DBB2184600F00BF8BA7B6B
:10137000BB791343DBB2184600F004F800BF103706
:10138000BD4680BD80B582B000AF0346FB71FB79DE
:10139000184600F009F8FB79184600F023F800BF62
:1013A0000837BD4680BD000080B586B002AF034659
:1013B000FB710B4BDA79FB791343DBB23B73084BC0
:1013C0001868074B1B79194607F10C020A23009392
:1013D000012305F0D5FC00BF1037BD4680BD00BF1E
:1013E0000C02002080B582B000AF0346FB71FB7990
:1013F00043F00403DBB21846FFF7D6FFFB7923F076
:101400000403DBB21846FFF7CFFF00BF0837BD4625
:1014100080BD80B500AFFFF715FF00BF80BD80B570
:1014200000AFFFF7F9FE00BF80BD80B483B000AF0E
:1014300078600B46FB707B68002B10D07B68012224
:101440001A737B68FA785A737B681B69B3F1FF3FA4
:1014500006D07B681B695A1C7B681A6100E000BFDC
:101460000C37BD4680BC704780B586B000AF786051
:101470000B46FB701346BB707B68002B07D07B6864
:101480001B68002B03D07B685B68002B01D1002315
:1014900040E0FB7863F07F03DBB23B73BB787B7388
:1014A0000123FB7500233B612BE07B6858687B6858
:1014B0001B890022194605F0EFFA7B68186807F1CE
:1014C0000C010A23022206F033FC0346FB757B68FD
:1014D00058687B681B890122194605F0DDFAFB7DFF
:1014E000002B04D17B6800225A73012312E03B6970
:1014F0000133012B02D8012004F018FE3B690133AF
:101500003B613B69012BD0D9FB7D19467868FFF719
:101510008CFF002318461837BD4680BD80B586B0C5
:1015200000AFF8607A601A460B46FB721346BB7236
:10153000FB68002B0DD0FB681B68002B09D0FB68F3
:101540005B68002B05D07B68002B02D0BB7A002B98
:1015500001D100234BE0FB7A03F07F03DBB2FB7287
:101560000123FB7500233B6138E0FB685868FB688A
:101570001B890022194605F08FFAFB68186807F1ED
:101580000B010A23012206F0D3FB0346FB75FB7D0A
:10159000002B09D1FB681868BB7A9AB20A237968D4
:1015A00006F00AFD0346FB75FB685868FB681B895B
:1015B0000122194605F070FAFB7D002B04D1FB686F
:1015C00000225A73012312E03B690133012B02D838
:1015D000012004F0ABFD3B6901333B613B69012B0A
:1015E000C3D9FB7D1946F868FFF71FFF0023184693
:1015F0001837BD4680BD80B584B000AFF8600B469B
:101600007A60FB727B68002B01D1002309E07B68C4
:1016100000221A70F97A01237A68F868FFF77EFFD2
:10162000034618461037BD4680BD80B586B000AF72
:10163000F8600B467A60FB727B68002B01D10023B7
:1016400022E007F1140300210A461A800A469A7024
:101650007B6800221A6007F11402F97A0323F86804
:10166000FFF75CFF034683F00103DBB2002B01D0E0
:10167000002309E03B7D1A047B7D1B021343BA7DE6
:101680001A437B681A60012318461837BD4680BD8F
:1016900080B483B000AF78607B68002B06D07B6895
:1016A00000221A737B6800225A7300E000BF0C37D7
:1016B000BD4680BC704780B483B000AF78607B6863
:1016C000002B03D07B681B7B002B01D0012300E0A3
:1016D000002318460C37BD4680BC704780B584B0E7
:1016E00000AFF860B9607A607B80FB68002B05D0A2
:1016F000BB68002B02D07B68002B01D100235EE089
:10170000FB68BA681A60FB687A685A60FB687A8876
:101710001A81FB6800229A72FB680022DA72FB6869
:1017200000221A73FB6800225A73FB6800221A61B8
:10173000FB685868FB681B890122194605F0ACF963
:1017400000220221F868FFF78FFE034683F00103B1
:10175000DBB2002B01D0002331E010220021F86819
:10176000FFF782FE034683F00103DBB2002B01D0BA
:10177000002324E000220921F868FFF775FE0346E4
:1017800083F00103DBB2002B01D0002317E003211B
:10179000F86800F05BF8FB681B7B002B01D000238E
:1017A0000DE00021F86800F00EF8FB681B7B002BB1
:1017B00001D0002303E0FB680122DA7201231846FE
:1017C0001037BD4680BD80B584B000AF78600B4651
:1017D000FB707B68002B33D00023FB7307F10F03F2
:1017E0001A4600217868FFF706FF034683F00103DD
:1017F000DBB2002B26D1FB78022B0AD1FB7B63F0F6
:101800007F03DBB2FB73FB7B23F04003DBB2FB7394
:1018100009E0FB7B03F07F03DBB2FB73FB7B43F050
:101820004003DBB2FB73FB7B1A4600217868FFF7AD
:101830001BFE0346002B06D07B68FA789A7202E002
:1018400000BF00E000BF1037BD4680BD80B584B04A
:1018500000AF78600B46FB707B68002B22D0002322
:10186000FB7307F10F031A4601217868FFF7C3FEE7
:10187000034683F00103DBB2002B15D1FB7B23F081
:101880000F03DBB2FB73FB7803F00F03DAB2FB7BD1
:101890001343DBB2FB73FB7B1A4601217868FFF729
:1018A000E3FD02E000BF00E000BF1037BD4680BD91
:1018B00080B584B000AF78600023FB7307F10F039D
:1018C0001A460F217868FFF796FE034683F001035E
:1018D000DBB2002B01D0FF2300E0FB7B1846103762
:1018E000BD4680BD80B584B000AF78600B46FB700C
:1018F0007B68002B23D00023FB7307F10F031A46EC
:1019000000217868FFF777FE034683F00103DBB21E
:10191000002B16D1FB78002B05D1FB7B43F0010394
:10192000DBB2FB7304E0FB7B23F00103DBB2FB7350
:10193000FB7B1A4600217868FFF796FD02E000BFA6
:1019400000E000BF1037BD4680BD80B584B000AF59
:1019500078607B68002B23D07B689B7A022B1FD09A
:101960000023FB7307F10F031A4600217868FFF785
:1019700042FE034683F00103DBB2002B12D1FB7B56
:1019800003F07F03DBB2FB73FB7B43F04003DBB26E
:10199000FB73FB7B1A4600217868FFF765FD02E0C8
:1019A00000BF00E000BF1037BD4680BD80B584B0E9
:1019B00000AF78607B68002B01D100231EE07B68BC
:1019C0009B7A022B01D1012318E00023FB7307F15E
:1019D0000F031A4600217868FFF70DFE034683F0D7
:1019E0000103DBB2002B01D0002307E0FB7B03F0F7
:1019F0004003002B0CBF01230023DBB21846103735
:101A0000BD4680BD80B586B000AF78607B68002B96
:101A100001D12D4B54E07B689B7A002B27D178684D
:101A2000FFF793FF7B681B7B002B01D0264B47E021
:101A300004F072FB386111E07B681B7B002B01D046
:101A4000214B3DE004F068FB02463B69D31AFA2BB8
:101A500001D91D4B34E00A2004F068FB7868FFF7D9
:101A6000A5FF034683F00103DBB2002BE4D1002382
:101A7000FB6007F10C031A460C217868FFF7D5FDCF
:101A8000034683F00103DBB2002B01D00E4B17E0BD
:101A9000FB687B61FB6803F40003002B03D07B69C8
:101AA00043F07F437B617B695B117B617869FFF762
:101AB000AFF803464FF070511846FFF7FDF80346A4
:101AC00018461837BD4680BD0000C07F80B582B083
:101AD00000AF78607B68002B31D07B681B6A002BDD
:101AE0002DD07B68DB69002B29D07B681B6A1A68C4
:101AF0007B68DA627B68DB691A687B681A637B68DB
:101B0000DA6A7B68DB6B19461046FFF791FA0346E9
:101B1000002B04D07B68DA6B7B68DA6210E07B68AC
:101B2000DA6A7B689B6B19461046FFF763FA034637
:101B3000002B05D07B689A6B7B68DA6200E000BFFF
:101B40000837BD4680BD000080B586B002AFF860A2
:101B5000B9607A603B60FB68002B2CD0FB687A6828
:101B60001A62FB68BA68DA61FB683A685A62FB6815
:101B70000022DA76124A4FF00001F86800F0B5F959
:101B8000FB6864225A6397F828301946F86800F019
:101B900035FA97F8243000933B6AFA69B969F86816
:101BA00000F0E8F804F0B8FA0246FB685B6BD21A62
:101BB000FB689A6200E000BF1037BD4680BD00BFE1
:101BC00000007F4390B58BB000AF78607B68002B3E
:101BD00006D07B68DB7E83F00103DBB2002B01D0F3
:101BE0000023C3E07B68DB69002B07D07B681B6A9E
:101BF000002B03D07B685B6A002B01D10023B5E08A
:101C000004F08AFA38627B689B6A3A6AD31AFB61ED
:101C10007B685B6BFA699A42C0F0A7807B68DB69DE
:101C20001B68BB617B685B6A1B687B61B96978690B
:101C3000FEF738FF03463B617B681B6B1946B869AA
:101C4000FEF730FF0346FB607B68DC6A7B681B693C
:101C500039691846FFF730F8034619462046FEF763
:101C600023FF03461A467B68DA627B689B7E83F01B
:101C70000103DBB2002B10D07B68DC6A7B68DB6879
:101C8000F9681846FFF718F8034619462046FEF78C
:101C900009FF03461A467B68DA627B68DA6A7B686A
:101CA000DB6B19461046FFF7C3F90346002B04D03F
:101CB0007B68DA6B7B68DA620EE07B68DA6A7B68E5
:101CC0009B6B19461046FFF795F90346002B03D08E
:101CD0007B689A6B7B68DA627B689B7E002B08D0FE
:101CE0007B68DB6819463869FEF7E6FF03467B62CE
:101CF00002E04FF000037B627B68DC6A7B685B6913
:101D0000F9681846FEF7D8FF034619462046FEF745
:101D1000C9FE03461946786AFEF7C6FE03467B6293
:101D20007B68DB6B1946786AFFF782F90346002B64
:101D300003D07B68DB6B7B620BE07B689B6B194697
:101D4000786AFFF757F90346002B02D07B689B6B3C
:101D50007B627B681B6A7A6A1A607B68BA691A635D
:101D60007B683A6A9A62012300E0002318462C3708
:101D7000BD4690BD80B586B000AFF860B9607A60AE
:101D80003B60FB68002B72D04FF00001B868FFF792
:101D900031F90346002B6AD14FF000017868FFF754
:101DA00029F90346002B62D14FF000013868FFF794
:101DB00021F90346002B5AD1FB6897F820205A7668
:101DC00097F82030012B0CBF01230023DAB2FB6807
:101DD0009A76FB68BA681A60FB687A685A60FB6892
:101DE0003A689A60FB685B6B1846FEF70DFF034686
:101DF00021491846FFF714F803467B61FB68BA686F
:101E0000DA6079697868FEF757FF03461A46FB687F
:101E10001A6179693868FFF703F803461A46FB68C8
:101E20005A61FB681B7E012B22D1FB68DB681946D7
:101E30004FF00000FEF736FE03461A46FB68DA60F4
:101E4000FB681B6919464FF00000FEF72BFE0346A6
:101E50001A46FB681A61FB685B6919464FF000007F
:101E6000FEF720FE03461A46FB685A6100E000BFF9
:101E70001837BD4680BD00BF00007A4490B585B0DC
:101E800000AF786039607B68002B2AD03B68002B5C
:101E900028D03868FEF7B8FE04467B685B6B1846AE
:101EA000FEF7B2FE034619462046FEF7B9FF034689
:101EB000FB607B681B69F9681846FEF7FDFE034668
:101EC0001A467B681A617B685B69F9681846FEF7F9
:101ED000A7FF03461A467B685A617B683A685A63D3
:101EE00000E000BF1437BD4690BD80B584B000AFA0
:101EF000F860B9607A60FB68002B57D07968B868E1
:101F0000FFF78CF80346002B50D1FB68BA689A6340
:101F1000FB687A68DA63FB68DB7E002B47D0FB68DE
:101F20001B6A002B22D0FB681B6A1A68FB68DB6BFC
:101F300019461046FFF77CF80346002B05D0FB68D6
:101F40001B6AFA68D26B1A6010E0FB681B6A1A6899
:101F5000FB689B6B19461046FFF74CF80346002BB5
:101F600004D0FB681B6AFA68926B1A60FB68DA6A35
:101F7000FB68DB6B19461046FFF75AF80346002B47
:101F800004D0FB68DA6BFB68DA6210E0FB68DA6A9F
:101F9000FB689B6B19461046FFF72CF80346002B95
:101FA00005D0FB689A6BFB68DA6200E000BF10376F
:101FB000BD4680BD80B584B000AF78600B46FB7035
:101FC0007B68002B16D0FB78012B0CBF012300236C
:101FD000FB73FB7B002B09D07B68DB7E83F0010366
:101FE000DBB2002B02D07868FFF770FD7B68FA7BCC
:101FF000DA7600E000BF1037BD4680BD80B582B004
:1020000000AF78600B46FB707B68002B2DD07B689F
:10201000DB7E002B25D07B681B7EFA789A4220D08D
:102020007B68DB6819464FF00000FEF73BFD034676
:102030001A467B68DA607B681B6919464FF000001E
:10204000FEF730FD03461A467B681A617B685B69C0
:1020500019464FF00000FEF725FD03461A467B683F
:102060005A617B68FA781A7600E000BF0837BD46EF
:1020700080BD80B483B000AF78607B681B68184671
:102080000C37BD4680BC704780B483B000AF786029
:102090007B685B6818460C37BD4680BC704780B4CF
:1020A00083B000AF78607B689B6818460C37BD46EC
:1020B00080BC704780B483B000AF78607B68DB7E03
:1020C00018460C37BD4680BC7047000080B584B010
:1020D00000AF0346FB8004F01FF8F860FB88B3F5FF
:1020E000807F0CD12A4B1B68FA68D31AC82B06D9FB
:1020F000284B01221A70264AFB68136043E0FB88D4
:10210000B3F5007F0CD1244B1B68FA68D31AC82B97
:1021100006D9224B01221A701F4AFB68136032E075
:10212000FB88B3F5004F0CD11D4B1B68FA68D31A1E
:10213000C82B06D91B4B01221A70194AFB68136081
:1021400021E0FB88B3F5006F0CD1174B1B68FA68D0
:10215000D31AC82B06D9154B01221A70124AFB68F4
:10216000136010E0FB88B3F5806F0CD1104B1B6837
:10217000FA68D31AC82B06D90E4B01221A700C4AE2
:10218000FB681360FFE700BF1037BD4680BD00BF8E
:102190008403002098030020880300209903002076
:1021A000940300209A030020900300209B0300204A
:1021B0008C0300209C03002080B483B000AF7860C3
:1021C0007B681B68B3F1804F16D10E4B1B78DBB2D6
:1021D000012B11D10C4B1B78DBB2002B0CD10B4B1C
:1021E0001B680133094A1360094B1B78DBB2002BD3
:1021F00002D1084B01221A7000BF0C37BD4680BCCB
:10220000704700BFE803002081030020EC0300209A
:10221000E90300201400002080B584B000AF78608E
:1022200039603868FDF79EFFF860FB68102B01D914
:102230001023FB60FA683968786807F0A6FC00BFD5
:102240001037BD4680BD000080B483B000AF0346A8
:10225000FB71FB79082B01D900231AE0FB790F4AA7
:10226000DB0013441B791A464FF4616303FB02F24F
:10227000FB790A49DB000B445B7919460B461B01CD
:102280005B1A9B001A44FB790449DB000B449B79E1
:10229000134418460C37BD4680BC7047A00300208D
:1022A00080B483B000AF2A4B1B78002B03D0284B9F
:1022B0001B78092B02D9264B01221A700023FB71CF
:1022C0003CE0FB79234A12F83330002B0AD0FB792B
:1022D000204A12F83330012B04D0FB791D4A00212B
:1022E00002F83310FB791B4ADB0013445B88B3F51B
:1022F000A06F06D9FB79174ADB0013444FF4A062A4
:102300005A80FB79134ADB0013445B793B2B05D9D8
:10231000FB79104ADB0013443B225A71FB790D4ACA
:10232000DB0013449B793B2B05D9FB79094ADB0081
:1023300013443B229A71FB790133FB71FB79082B23
:10234000BFD900BF00BF0C37BD4680BC704700BF7F
:1023500011000020A003002080B400AF2C4B1B789C
:10236000002B50D02A4B1A782A4B1B789A424AD815
:10237000294B1B78DBB2032B13D1284B1B88B3F5F9
:10238000A06F03D9254B4FF4A0621A80204B1B7815
:10239000013B224A1188224ADB0013440A465A8034
:1023A00032E01D4B1B78DBB2042B2DD11D4B1B786B
:1023B0003B2B02D91B4B3B221A701B4B1B783B2B30
:1023C00002D9194B3B221A70114B1B78013B174A5B
:1023D0001178134ADB0013440A461A710C4B1B7820
:1023E000013B104A11780E4ADB0013440A465A7129
:1023F000074B1B78013B0C4A1178094ADB00134458
:102400000A469A7100E000BFBD4680BC704700BF1D
:102410001300002011000020E90300200404002024
:10242000A003002007040020080400200604002068
:1024300080B500AF00228021214804F02DFB214807
:10244000FFF738FE0346002B03D000211D48FFF79D
:10245000B1FD1D4B4FF000021A601C4B4FF0000203
:102460001A60184B4FF00002DA62194B00221A7002
:10247000184B1B68184A1360184B4FF000021A6083
:10248000174B4FF000021A60164B00221A70164BC1
:10249000FF221A700F4B1B68144A13600D4B1B6808
:1024A000134A1360134B4FF000021A60124B4FF0A7
:1024B00000021A60074B1B68104A136000BF80BD02
:1024C000000C014020030020640300207003002062
:1024D0004504002060030020480400204C04002034
:1024E0005004002054040020160000206004002046
:1024F00064040020680400206C04002070040020A4
:1025000080B582B000AF1E4B1B78DBB2012B33D1FC
:102510001C4BDB6A1C4A13601C4B1B681C4A136073
:10252000EFF310833B603B687B6072B600BF144BD7
:1025300002221A707B68002B01D162B600BF002214
:102540008021144804F0A8FA0E48FFF7B3FD0346B3
:10255000002B03D000210B48FFF72CFD0E4B4FF052
:1025600000021A60094B4FF000021A6003F0D4FD1C
:1025700003460A4A136000E000BF0837BD4680BD2D
:10258000E8030020200300205804002070030020EE
:102590005C040020000C0140640300206C03002058
:1025A00080B584B000AF354B1B78DBB2022B0BD16A
:1025B000334B1B78DBB2002B06D1324B1B7883F0F8
:1025C0000103DBB2002B01D0002352E003F0A4FD95
:1025D000F8602D4B1B682D4A136001212C48FFF732
:1025E000E9FC2C4B1B682A4AD362294BDB6A4FF06B
:1025F00000011846FEF7FEFC0346002B03D0244BD7
:102600004FF00002DA62224BDB6A23491846FEF7DC
:102610000FFD0346002B02D01D4B1F4ADA621F4BF1
:102620001B681B4A13631A4B5B6BFA68D31A184A70
:102630009362164B4FF000021A60194B4FF00002E4
:102640001A60184AFB68136000228021164804F0C3
:1026500023FAEFF310837B607B68BB6072B600BF28
:10266000064B01221A70BB68002B01D162B600BF75
:10267000012318461037BD4680BD00BFE803002087
:10268000810300207F0300205C04002064030020FD
:10269000200300205804002000007A44600300203A
:1026A000700300206C030020000C014080B582B054
:1026B00000AF0346FB71FB79002B0BD0074AFB7977
:1026C0001370074B00221A70FFF7B2FE054B012270
:1026D0001A7000E000BF0837BD4680BD81030020AE
:1026E000E80300201400002080B582B000AFFFF79F
:1026F000D7FD514B1B78DBB2002B06D14F4B1B781B
:1027000083F00103DBB2002B15D04C4B1B7883F018
:102710000103DBB2002B07D0474B1B78DBB2002B49
:1027200002D1454B02221A70454B00221A70FFF766
:102730007FFE00237BE0EFF310833B603B687B6010
:1027400072B600BF3F4B00221A603F4B01221A7045
:102750003E4B00221A603E4B1B683E4A136000202D
:10276000FFF772FD03463C4A1360354B01221A7095
:102770007B68002B01D162B600BF354B1B68374A1E
:102780001360364B1B68364A1360364B4FF000021D
:102790001A60354B4FF000021A60344B4FF00002C4
:1027A000DA622B4B1B68314A136303F0B5FC024617
:1027B0002E4B5B6BD31A2D4A93622D4A4FF00001CA
:1027C0002C4801F025F92C4B00221A7003F0A4FCD0
:1027D00003462A4A13602A4B2A4A1A601C4B1B687C
:1027E000294A13601A4B1B68284A1360284B4FF084
:1027F00000021A60274B4FF000021A60144B1B684E
:10280000254A13601D4B1B68184600F027FB1B4B25
:102810001B68184600F0CCFF002000F03FF8084B82
:102820001B78DBB2012B0CBF01230023DBB218465F
:102830000837BD4680BD00BF810300207F03002014
:10284000E8030020EC03002012000020F803002021
:1028500060030020FC030020F00300206803002038
:102860007803002064030020700300202003002070
:10287000000034430000C841100000206C03002019
:10288000180000200000A040600400206404002024
:10289000680400206C0400207004002080B584B01F
:1028A00000AF78600023FB7342E02A4B1B78013BAA
:1028B000BB73294B1B68BB60FB7B0133FB73254B50
:1028C0001A78264B1B789A422AD2224B1B78013366
:1028D000DAB2204B1A70224ABB681360214B1B7876
:1028E000002B02D0204B1B6808E0BB7B1F4ADB009B
:1028F00013445B881846FEF787F903461C4A1360A9
:10290000144B1B78013BDBB21846FFF79DFC0246D7
:10291000BB681344104A1360164B01221A7007E07B
:10292000154B03221A70FFF783FD124B01221A7018
:10293000114B1B78DBB2012B07D1074B1B687A6860
:102940009A4202D3FB7B082BAFD900BF1037BD469C
:1029500080BD00BF12000020F00300201100002005
:10296000F80300207F03002060030020A003002064
:10297000FC03002014000020E803002090B589B07B
:1029800000AF7860334B1B78013BFB75FB7D324A0F
:10299000DB0013445B881846FEF736F903463B61BB
:1029A000FB7D2D4A12F83330002B01D13B694CE0FE
:1029B000FB7D1846FFF748FCF860FB68002B01D14F
:1029C0003B6942E0254B1B687A68D31AFB61FA69C0
:1029D000FB689A4201D9FB68FB61F869FEF714F9BC
:1029E0000446F868FEF710F9034619462046FEF73C
:1029F00017FA0346BB601A4B1B6819463869FEF785
:102A000051F80346B9681846FEF756F903461A46C8
:102A1000134B1B6819461046FEF746F80346BB6188
:102A20004FF00001B869FEF7E5FA0346002B02D02B
:102A30004FF00003BB610B49B869FEF7F9FA034692
:102A4000002B01D0074BBB61BB6918462437BD463C
:102A500090BD00BF12000020A0030020F80300205A
:102A6000FC0300200000A04490B58FB000AF786058
:102A700039608E4B1B78013B87F82F3097F82F3049
:102A80008B4ADB0013445B881846FEF7BDF803460B
:102A9000BB6297F82F301846FFF7D6FB7862854A5D
:102AA0003B681360844B4FF000021A607B6A002B76
:102AB00008D0824B1B681946B86AFEF7A5FA034690
:102AC000002B04D07E4ABB6A1360BB6AE9E07D4BF1
:102AD0001B687A689A4204D27A4B1A687B68D31AC8
:102AE00000E000233B62784B1B681946B86AFDF78B
:102AF000D9FF0346FB61714B1B681946B86AFDF7A5
:102B0000D1FF034671491846FEF7D6F803461C4626
:102B1000786AFEF779F8034619462046FEF780F9F1
:102B20000346BB613B6A002B19D04FF00001F869E6
:102B3000FEF77EFA0346002B11D0386AFEF764F8E0
:102B4000034662491846FEF76BF903467B617969D3
:102B5000F869FEF765F903461A46574B1A60564B5B
:102B60001B685B491846FEF763FA0346002B02D048
:102B7000514B574A1A60504B1B684FF000011846E2
:102B8000FEF738FA0346002B03D04B4B4FF0000200
:102B90001A604D4B1B6819463868FDF783FF0346E2
:102BA0003B614C4B1B684FF000011846FEF740FAA2
:102BB0000346002B02D0474B1B6801E04FF0000397
:102BC000FB603D4B1B68F9681846FDF76BFF034639
:102BD000BB60BB697B634FF000013869FEF728FAE0
:102BE0000346002B0AD03C493869FEF765F80346D6
:102BF0001946786BFDF758FF03467B634FF00001E1
:102C0000B868FEF715FA0346002B0AD03249B868B7
:102C1000FEF752F803461946786BFDF745FF034669
:102C20007B634FF00001786BFEF7E4F90346002B5D
:102C300002D04FF000037B632849786BFEF7F8F968
:102C40000346002B01D0254B7B63796B3868FDF779
:102C50002BFF03463B633B6A002B01D1BB6A3B63FE
:102C6000B96A386BFEF7E4F90346002B01D0BB6A62
:102C70003B634FF00001386BFEF7BCF90346002BB5
:102C800002D04FF000033B631549386BFEF7D0F9D3
:102C90000346002B01D0124B3B63094A3B6B136088
:102CA0003B6B18463C37BD4690BD00BF120000206C
:102CB000A00300206004002068040020FC03002022
:102CC00064040020F0030020600300200000704234
:102CD00000002042380400209A99993F00003442B5
:102CE0000000A04490B585B000AF4C4B1B78DBB220
:102CF000012B40F08A804A4B1B78012B40F08580E5
:102D0000484B1B6848491846FEF774F90346002BE8
:102D10007BD1464B1B6846491846FEF76BF90346C4
:102D2000002B72D1434B1B78013BFB72424B1A685C
:102D3000424B1B68D31A7B60FB7A414ADB00134489
:102D40005B881846FDF760FF02463E4B1B6819463C
:102D50001046FDF7A7FE03463B607B682C2B56D937
:102D600039493868FEF750F90346002B4FD12D4BF7
:102D70001B6819463548FEF753F803461A462B4B95
:102D80001B6819461046FDF797FF0346FB60FB687A
:102D900023F000442E492046FEF754F90346002B49
:102DA00037D12B492046FEF743F90346002B30D19B
:102DB0004FF07C51F868FEF71DF90346002B03D055
:102DC0004FF07C53FB6008E02249F868FEF730F9C9
:102DD0000346002B01D01F4BFB601F4B1B6819469D
:102DE000F868FDF75FFE034611491846FDF764FFDA
:102DF00003461A46184B1B6819461046FDF754FE49
:102E000003461A46144B1A6004E000BF02E000BFFC
:102E100000E000BF1437BD4690BD00BFE8030020AE
:102E20001600002070030020008022443804002097
:102E3000CDCCCC3D12000020EC030020F803002094
:102E4000A0030020600300200000C84100007A4475
:102E5000FFFF7F7F0000204218000020B0B582B045
:102E600000AF78601B4B4FF000021A601A4B1B68D2
:102E70001A4A13601A4A7B6813601A4B1B78002B9E
:102E80001DD0154B1B6823F0004401231D46164935
:102E90002046FEF7D7F80346002B08D112492046FA
:102EA000FEF7C6F80346002B01D100231D46EBB206
:102EB00083F00103DBB2002B01D0012300E00023EB
:102EC00003F00103DAB2094B1A7000BF0837BD46A0
:102ED000B0BD00BF7404002060030020780400200F
:102EE0007C0400207F030020FFFF7F7F8004002000
:102EF00090B587B000AF78604F4B1B7883F001032B
:102F0000DBB2002B40F08F804C4B1B6823F0004459
:102F10004B492046FEF796F80346002B40F083808D
:102F200047492046FEF784F80346002B7BD1454BEA
:102F30001B7883F00103DBB2002B03D07868FFF726
:102F40008DFF75E0404B1B687A68D31A3B613B6983
:102F500040F2DB52934268D93869FDF755FE0346CB
:102F60003A491846FDF75CFF0346FB604FF000014D
:102F7000F868FEF749F80346002B58D12F4B1B6821
:102F8000334A126811461846FDF78CFD0346F9686E
:102F90001846FDF745FF03467B617B6923F000443B
:102FA00027492046FEF74EF80346002B06D1244958
:102FB0002046FEF73DF80346002B02D04FF00003F9
:102FC0007B6124497869FEF733F80346002B02D071
:102FD000204B7B6108E020497869FEF70BF8034637
:102FE000002B01D01C4B7B611C4B1B681946786978
:102FF000FDF758FD03461A491846FDF75DFE0346E6
:103000001A46164B1B6819461046FDF74DFD034640
:103010001A46124B1A60094B1B680D4A13600A4A84
:103020007B68136004E000BF02E000BF00E000BF67
:103030001C37BD4690BD00BF7F0300206003002009
:10304000FFFF7F7F800400207C04002000606A472F
:10305000780400200000A0420000A0C274040020F8
:103060009A99193FB0B59CB000AF786039609B4B1E
:103070001B78013B87F83F3097F83F30984ADB00D8
:1030800013445B881846FDF7BFFD0346BB6397F802
:103090003F301846FFF7D8F87863924B1B683A68C0
:1030A0009A4204D28F4B1A683B68D31A00E000237F
:1030B0003B638D4B1B68FB668C4B1B6823F0004405
:1030C00001231D468A492046FDF7BCFF0346002B1D
:1030D00008D187492046FDF7ABFF0346002B01D1FD
:1030E00000231D46EBB283F00103DBB2002B0BD0B3
:1030F0007E4B1B681946F86EFDF77CFF0346002BDC
:1031000002D07A4B1B68FB66F96EB86BFDF7CAFC00
:103110000346FB62774B1B68734A126811461846D8
:10312000FDF7C0FC0346BB62734B1B684FF0000108
:103130001846FDF77DFF0346002B02D06E4B1B683F
:1031400001E04FF000037B626C4B1B684FF0000105
:103150001846FDF76DFF0346002B02D0674B1B6836
:1031600001E04FF000033B62654B1B68796A18462B
:10317000FDF798FC0346FB617B6B002B08D0614B8D
:103180001B681946B86BFDF73FFF0346002B17D0AD
:10319000B96BF86EFDF742FF0346002B0ED05A4B79
:1031A0004FF000021A60594B4FF00002DA62584BA0
:1031B0004FF000021A604FF00003E9E27B68E7E29B
:1031C0004FF00001F86AFDF71FFF0346002B0CD1FA
:1031D0004FF07A51B86BFDF767FC03461946F86E5D
:1031E000FDF71CFF0346002B11D0474B4FF00002A8
:1031F0001A60464B4FF00002DA62454B4FF0000276
:103200001A60444AFB6E13604FF00003C0E2424B69
:103210001B68BB664FF07C51B86EFDF7EBFE0346B2
:10322000002B02D04FF07C53BB66354B1B68B96E48
:103230001846FDF7F5FD034638491846FDF73CFDF5
:10324000034637491846FDF737FD03467B664FF0C6
:103250000001786EFDF7CEFE0346002B02D04FF042
:1032600000037B662D49786EFDF7E2FE0346002BD6
:1032700001D02A4B7B664FF000033B664FF0000104
:10328000B86AFDF7D5FE0346002B0AD02549B86A77
:10329000FDF712FD03461946386EFDF705FC03469F
:1032A0003B664FF00001F869FDF7C2FE0346002BB4
:1032B0000AD01D49F869FDF7FFFC03461946386E30
:1032C000FDF7F2FB03463B66396E786EFDF7B0FE04
:1032D0000346002B2AD07B6E29E000BF120000209D
:1032E000A0030020F00300206003002074030020EE
:1032F000FFFF7F7F6004002038040020740400205A
:1033000068040020FC030020640300202003002048
:103310006C040020700400201800002000007A4493
:103320000AD7833F0000C841000034423B6E9F4AE9
:1033300013609E4B1B684FF000011846FDF75AFEC4
:103340000346002B03D0994B4FF000021A60974BB5
:103350001B6897491846FDF76BFE0346002B02D009
:10336000924B934A1A607B68FB65904B1B68194629
:10337000F86DFDF73FFE0346002B02D08B4B1B6818
:10338000FB653B6B5A2B06D98A49F86AFDF73CFE70
:103390000346002B01D0012300E00023FB76FB7ED7
:1033A00003F00103FB76386BFDF72EFC03468249E0
:1033B0001846FDF735FD03467B614FF00003BB6502
:1033C000FB7E002B35D04FF000017869FDF730FE11
:1033D0000346002B2DD07949386AFDF729FE0346B4
:1033E000002B26D0764B3B6176493869FDF720FEED
:1033F0000346002B1DD03969386AFDF75DFC034692
:103400001C467B6983F0004339691846FDF708FDC7
:103410000346184608F002FC034619464FF07E505A
:10342000FDF740FB034619462046FDF745FC0346E1
:10343000BB65B96DF86EFDF737FB03461A46624B64
:103440001A604FF07F51B86BFDF72CFB0346FB6011
:103450005D4B1B681946F868FDF724FB0346BB600B
:10346000FB7E002B00F04D814FF08241F86AFDF7A2
:10347000DFFD0346002B02D04D4B7B652AE053490C
:10348000F86AFDF7D5FD0346002B02D0504B7B6553
:1034900020E05049F86AFDF7CBFD0346002B02D02F
:1034A0004D4B7B6516E04FF07F51F86AFDF7C0FD8C
:1034B0000346002B02D0494B7B650BE04849F86A74
:1034C000FDF7B6FD0346002B02D0464B7B6501E0BD
:1034D000454B7B654FF07F51F86AFDF7E3FA0346F1
:1034E00037491846FDF79CFC03463B654FF0000149
:1034F000386DFDF77FFD0346002B02D04FF000032F
:103500003B65B96E386DFDF793FD0346002B01D086
:10351000BB6E3B65B96E386DFDF782FC03462449EE
:103520001846FDF7C9FB0346FB644FF00001F86C39
:10353000FDF77EFD0346002B05D02C49F86CFDF706
:10354000B3FA0346FB64796DF86CFDF771FD034631
:10355000002B01D07B6DFB641549F86CFDF768FD0D
:103560000346002B01D0124BFB64174B1B68194616
:10357000F868FDF749FD0346002B3DD00F49386A36
:10358000FDF756FD0346002B36D04FF00003FB65D8
:10359000174B4FF000021A60164B4FF00002DA6230
:1035A000024B4FF000021A60ABE000BF6C04002039
:1035B00000007A440000904100007042CDCCCC3D28
:1035C0009A99193F6F12833A700400200000A040BE
:1035D000000061440000404000002F440000E1432F
:1035E0003333333F000082430000F04200008C423E
:1035F00064030020200300204FF00003BB644FF061
:1036000000017869FDF714FD0346002B3AD04FF016
:103610007F51B868FDF70CFD0346002B32D0796965
:10362000B868FDF7FDFB03467B64B96E786CFDF767
:10363000FFFC0346002B01D0BB6E7B64B96E786C37
:10364000FDF7EEFB034654491846FDF735FB0346EC
:1036500052491846FDF730FB0346BB64796DB86CE0
:10366000FDF7E6FC0346002B01D07B6DBB644FF0F9
:103670000001B86CFDF7BEFC0346002B02D04FF0F2
:103680000003BB64B96CF86DFDF7B4FC0346002B76
:1036900001D0BB6CFB657B6D3B644FF07F51B8681C
:1036A000FDF7B2FC0346002B08D0396CF86CFDF72F
:1036B000A1FC0346002B01D0FB6C3B64396CF86D18
:1036C000FDF7B6FC0346002B01D03B6CFB65344B89
:1036D000DB6A1946386CFDF78DFC0346002B02D0DF
:1036E0002F4A3B6CD3622E4BDB6A4FF00001184629
:1036F000FDF780FC0346002B03D0294B4FF000025E
:10370000DA624FF00001F86DFDF792FC0346002BE2
:103710001DD02449F86DFDF76DFC0346002B16D033
:103720004FF07F51F86AFDF783FC0346002B0BD066
:103730001D4B1B681946F868FDF77AFC0346002B01
:1037400002D0184BFB6502E04FF00003FB654FF021
:103750000001F86DFDF74EFC0346002B02D04FF040
:103760000003FB650C49F86DFDF762FC0346002B76
:1037700001D0094BFB650D4B1B681946F86DFDF731
:1037800039FC0346002B02D0084AFB6D1360FB6D29
:1037900018467037BD46B0BD00007A446666863F65
:1037A0002003002000002042700400206403002059
:1037B000B0B582B000AF7860254B00221A70254B5F
:1037C0001B68254A1360254B4FF000021A60244BFA
:1037D0004FF000021A60234B4FF000021A601D4B9D
:1037E0001B68214A1360214A7B681360204B1B78B9
:1037F000002B1DD0174B1B6823F0004401231D46EE
:103800001C492046FDF71EFC0346002B08D1194930
:103810002046FDF70DFC0346002B01D100231D4679
:10382000EBB283F00103DBB2002B01D0012300E0F7
:10383000002303F00103DAB20F4B1A700F4B002282
:103840001A700F4BFF221A7000BF0837BD46B0BD7B
:103850004504002060030020480400204C040020A0
:1038600050040020380400203C04002040040020C4
:103870007F030020FFFF7F7F4404002054040020CA
:103880001600002090B587B000AF7860564B1B78CB
:1038900083F00103DBB2002B40F09E80534B1B688A
:1038A00023F0004452492046FDF7CCFB0346002B91
:1038B00040F092804E492046FDF7BAFB0346002BAC
:1038C00040F08A804B4B1B7883F00103DBB2002B66
:1038D0000ED0494B4FF000021A60444B1B68474A18
:1038E0001360474A7B681360424B01221A7078E0EC
:1038F000434B1B687A68D31A3B613B6941F28732BC
:1039000093426BD93869FDF77FF903463D49184664
:10391000FDF786FA0346FB604FF00001F868FDF7FB
:1039200073FB0346002B5BD1304B1B68334A126894
:1039300011461846FDF7B6F80346F9681846FDF734
:103940006FFA03467B617B6923F0004428492046D7
:10395000FDF778FB0346002B06D125492046FDF7ED
:1039600067FB0346002B02D04FF000037B61264922
:103970007869FDF75DFB0346002B02D0224B7B618B
:1039800008E022497869FDF735FB0346002B01D09A
:103990001E4B7B61184B1B6819467869FDF782F84E
:1039A00003464FF07A511846FDF786F903461A464A
:1039B000114B1B6819461046FDF776F803461A4668
:1039C0000D4B1A60094B1B680C4A13600C4A7B684C
:1039D0001360FFF787F904E000BF02E000BF00E0DA
:1039E00000BF1C37BD4690BD7F0300206003002050
:1039F000FFFF7F7F44040020380400203C040020A7
:103A00004004002000606A470000A0420000A0C2FD
:103A100090B589B002AFF860B9607A602D48FEF7C2
:103A200028FB0346F9681846FDF73CF8034623F0E7
:103A3000004329491846FDF7FBFA0346002B23D122
:103A40002448FEF721FB0346B9681846FDF72AF81B
:103A5000034623F0004320491846FDF7E9FA0346E0
:103A6000002B11D11B48FEF71AFB03467968184654
:103A7000FDF718F8034623F0004317491846FDF7F1
:103A8000D7FA0346002B01D0012300E00023FB7589
:103A9000FB7D03F00103FB75FB7D002B07D00123A9
:103AA00000937B68BA68F9680A48FEF763F9012356
:103AB0001C464FF00001B868FDF7BAFA0346002B28
:103AC00001D100231C46E2B2044B1A7000BF1C3720
:103AD000BD4690BD2003002017B7D138100000204C
:103AE00080B584B000AF78601B497868FDF7E4F8D2
:103AF00003461A491846FCF7D7FF0346FB601849EE
:103B0000F868FDF777FA0346002B01D0144BFB60F1
:103B10001449F868FDF78CFA0346002B01D0114BCD
:103B2000FB60114B1B681946F868FDF763FA034602
:103B3000002B02D00C4B1B68FB600C49F868FDF7AA
:103B400077FA0346002B01D0084BFB60FB68184650
:103B50001037BD4680BD00BF6666E63E00003443B8
:103B600000007A43008054445004002000007A444E
:103B700080B586B000AF78607868FFF7B1FF386134
:103B8000194B1B684FF07D511846FDF795F8034619
:103B9000FB6016493869FDF78FF80346BB60B968CA
:103BA000F868FDF745FA0346002B01D0FB6800E0FA
:103BB000BB687B6139697869FDF73AFA0346002BE7
:103BC00001D03B697B614FF000017869FDF712FA83
:103BD0000346002B02D04FF000037B617B6918463F
:103BE0001837BD4680BD00BF500400203333B33EBC
:103BF00080B584B000AF03463960FB712A4B1B7857
:103C0000FA799A424BD0FB79012B1BD1274B1B68C9
:103C1000274A126811461846FDF70AFA0346002B98
:103C200003D0224B1B68224A1360224B4FF0000244
:103C30001A601E4B4FF000021A601F4B4FF000023B
:103C4000DA6228E0FB79002B0CD11A4B4FF000020E
:103C50001A60164B4FF000021A60174B4FF000022B
:103C6000DA6218E03868FFF783FFF860124AFB68F1
:103C7000D362104AFB6813600C4AFB6813600F4B59
:103C80001B680D4A136302F047FA02460A4B5B6B4E
:103C9000D31A094A9362044AFB79137000E000BF0B
:103CA0001037BD4680BD00BF4504002070030020D2
:103CB0005004002064030020200300206003002043
:103CC00080B584B000AF7860396039687868FCF7F7
:103CD000E9FE0346FB60914B1B684FF0000118465C
:103CE000FDF7A6F90346002B02D08C4B1B6801E0C0
:103CF0004FF00003BB608A49B868FCF7DDFF03465C
:103D000039681846FCF7D0FE03461A46854B1A6000
:103D1000854B1B78002B02D0012B59D0B5E083498D
:103D20007868FCF7C1FE034619463868FDF776F956
:103D30000346002B0ED17D497868FCF7B5FE03469B
:103D40001A467B4B1B6819461046FDF75DF9034682
:103D5000002B04D079680120FFF74AFF37E075494E
:103D6000F868FDF751F90346002B1AD07249B8687C
:103D7000FDF754F90346002B13D070497868FCF71F
:103D800093FE03461A46674B1B6819461046FDF71B
:103D90003BF90346002B04D079680120FFF728FF88
:103DA00015E04FF07E51F868FDF72EF90346002B21
:103DB00000D1AFE06249F868FDF730F90346002B07
:103DC00000D1A7E079680220FFF712FFA2E0A1E08E
:103DD0005C49F868FDF72CF90346002B0DD04F4BDA
:103DE0001B6852491846FDF70FF90346002B04D013
:103DF00079680020FFF7FCFE8CE04FF07E51F868F8
:103E0000FDF70CF90346002B08D0464B1B681946FA
:103E10007868FDF703F90346002B31D1414B1B684D
:103E200019467868FDF7FAF80346002B00D171E0D7
:103E30004549F868FDF7F2F80346002B08D0374BE8
:103E40001B683A491846FDF7DFF80346002B17D1E7
:103E5000FB6823F000434FF07E511846FDF7D4F87D
:103E60000346002B00D155E02C4B1B6823F0004388
:103E700036491846FDF7C8F80346002B00D149E043
:103E800079680220FFF7B4FE44E028497868FCF71F
:103E90000BFE034619463868FDF7C0F80346002BB1
:103EA00026D122497868FCF7FFFD03461A46204BCD
:103EB0001B6819461046FDF7A7F80346002B17D1DB
:103EC000164B1B6821491846FDF7B2F80346002B34
:103ED00013D01A497868FCF7E7FD03461A46114BE0
:103EE0001B6819461046FDF78FF80346002B04D0D7
:103EF00079680120FFF77CFE0BE01249F868FDF7B6
:103F000097F80346002B00D103E079680020FFF703
:103F10006FFE00BF00BF1037BD4680BD38040020D3
:103F20003D0AD73E48040020450400209A99993E56
:103F300074030020000020409A99193ECDCC4C3EDD
:103F40009A9999BE000040409A99193FCDCC4C3FB8
:103F500080B588B000AFF860B9607A60FB68FB613B
:103F60007968B868FCF79EFD03467B616C4B1B7853
:103F7000012B1AD06B49B868FCF796FD0346194629
:103F80007868FDF74BF80346002B0ED16549B868F9
:103F9000FCF78AFD03461A46634B1B681946104618
:103FA000FDF732F80346002B0ED0604B4FF00002B5
:103FB0001A605F4B4FF00002DA625E4B4FF0000276
:103FC0001A604FF0000350E1554B1B78002B40F076
:103FD00082804FF000017869FDF716F80346002B48
:103FE0000ED0524B4FF000021A60514B4FF00002BE
:103FF000DA62504B4FF000021A604FF0000334E1D8
:104000004D497869FDF714F80346002B03D0494B5E
:104010004A4A1A6046E04A497869FDF709F80346BA
:10402000002B03D0434B474A1A603BE0464978696E
:10403000FCF7FEFF0346002B03D03E4B434A1A60B9
:1040400030E043497869FCF7F3FF0346002B03D0C7
:10405000384B404A1A6025E03F497869FCF7E8FF91
:104060000346002B03D0334B3C4A1A601AE04FF052
:1040700080417869FCF7DCFF0346002B03D02D4B11
:10408000374A1A600EE04FF07E517869FCF7D0FF96
:104090000346002B03D0274B324A1A6002E0254B1F
:1040A000314A1A60234B1B681946F869FCF7C0FFB8
:1040B0000346002B02D01F4B1B68FB614FF0000131
:1040C000F869FCF7B5FF0346002B00F09680274AFD
:1040D000FB69136091E0B868FFF702FD3861154A8B
:1040E0003B6913604FF000017869FCF78DFF0346D0
:1040F000002B03D04FF00003FB617EE04FF0000384
:10410000BB611B497869FCF789FF0346002B33D05C
:1041100018493869FCF7D0FD0346BB6142E000BF97
:10412000450400209A99993E7403002064030020FE
:10413000200300204C0400200000204200007A44AC
:104140000000A041000061440000204100803B4489
:104150000000A04000800944000040400000E1430E
:104160000000AF4300008C4300005C43500400207B
:104170006666663FCDCC0C3F3E497869FCF74EFF42
:104180000346002B0ED03C4B1B683C491846FCF7FD
:104190003BFF0346002B05D039493869FCF78CFDFD
:1041A0000346BB61B969F869FCF724FF0346002B9D
:1041B00001D0BB69FB6133497869FCF739FF0346DD
:1041C000002B1AD02C4B1B684FF000011846FCF74F
:1041D00011FF0346002B10D04FF00001F869FCF7E7
:1041E00027FF0346002B08D02749F869FCF702FF98
:1041F0000346002B01D0244BFB61244B1B6819465E
:10420000F869FCF715FF0346002B02D01F4B1B6813
:10421000FB614FF00001F869FCF7ECFE0346002B50
:1042200002D04FF00003FB61194BDB6A174A12689A
:1042300011461846FCF7FCFE0346002B03D0134B37
:104240001B68134AD362124BDB6A4FF00001184619
:10425000FCF7D0FE0346002B03D00D4B4FF00002BD
:10426000DA620C4AFB691360FB6918462037BD46C9
:1042700080BD00BF9A99193F380400209A99993E51
:104280003333B33ECDCC4C3E000020424C040020E2
:104290002003002064030020B0B584B000AF786034
:1042A000934B1B687A68D31AF92B40F27081904ABD
:1042B0007B6813608F4B1B7883F00103DBB2002B0C
:1042C00003D00220FEF7F2F964E18B48FDF7E0F934
:1042D0008948FDF7EDFA03461A46884B1A7086485E
:1042E000FDF7E9F90346002B09D0854B00221A702F
:1042F000844B00221A700120FEF7D8F94AE17F4B67
:104300001B78002B09D07E4B00221A707D4B0022B7
:104310001A700120FEF7CAF93CE17748FDF772FBFD
:10432000F8607548FDF7C7F90346002B09D0744BB8
:1043300000221A70734B00221A700120FEF7B6F9A2
:1043400028E1FB6823F0004401231D466E49204606
:10435000FCF778FE0346002B08D16B492046FCF79A
:1043600067FE0346002B01D100231D46EBB283F00C
:104370000103DBB2002B0FD06449F868FCF74EFE56
:104380000346002B08D06249F868FCF73DFE03465F
:10439000002B01D0012300E00023FB72FB7A03F025
:1043A0000103FB72FB7A83F00103DBB2002B15D013
:1043B000544B00221A70524B1B78FF2B05D0504BE8
:1043C0001B780133DAB24E4B1A704D4B1B78022B1F
:1043D00040F2DF800220FEF769F9DAE0484B002264
:1043E0001A704C4AFB6813604B4B1B7883F0010337
:1043F000DBB2002B11D1494B1B6823F0004442492A
:104400002046FCF71FFE0346002B06D13E492046FE
:10441000FCF70EFE0346002B03D0404AFB681360F6
:1044200016E03E4B1B681946F868FCF73BFB034659
:104430003B491846FCF740FC03461A46374B1B68BD
:1044400019461046FCF730FB03461A46334B1A60F8
:10445000324B1B68334A1360304B1B68324A13607F
:104460002D4B01221A707868FEF742FD7868FFF73D
:1044700009FA2E49F868FCF7D1FD0346002B08D154
:10448000264B1B6829491846FCF7C8FD0346002B3C
:1044900006D01C4B00221A700320FEF707F96DE0CE
:1044A000234B1B78DBB2032B46D11C4B1B682149E5
:1044B0001846FCF7A9FD0346002B14D0114B1B78BE
:1044C000FF2B05D00F4B1B780133DAB20D4B1A705E
:1044D0000C4B1B78032B51D9154B00221A70094B3A
:1044E00000221A704AE0074B00221A7046E000BF13
:1044F00034040020800300200C0300207C030020F3
:104500007D0300207E030020FFFF7F7F000048C264
:104510000000E144740300207F0300200C00002011
:10452000CDCC4C3EF4030020600300200080A24468
:104530008103002000409C44184B1B78DBB2012B08
:1045400004D0164B1B78DBB2022B14D1144B1B7812
:10455000FF2B05D0124B1B780133DAB2104B1A70C7
:104560000F4B1B78032B09D90C4B00221A700C4BF4
:1045700000221A7002E00A4B00221A70094B1B78C5
:10458000DBB2002B06D1084B01221A7002E000BFFB
:1045900000E000BF1037BD46B0BD00BF8103002062
:1045A0007E030020E90300201400002080B58AB0BB
:1045B00000AF78603960A04B1B78DBB2022B0DD1C5
:1045C000002280219D4802F067FA9D4B4FF00002C7
:1045D0001A609C4B4FF000021A6016E2964B1B7853
:1045E000DBB2012B0BD1984B1B78DBB2002B06D131
:1045F000964B1B7883F00103DBB2002B02D0FDF752
:1046000017FF02E2924B1B78013B87F8273097F89F
:104610002730904A12F8333087F8263097F8263042
:10462000002B0CBF0123002387F825308A4B1A7812
:10463000874B1B789A4206D1884B1B7897F8262027
:104640009A4200F097807F4B1B683B62844B0022AC
:104650001A70844B1B68844A1360844B4FF000022D
:104660001A60834B4FF000021A60824B4FF0000239
:10467000DA62734B4FF000021A60724B4FF0000287
:104680001A60734B1A78744B1A70744A97F8263074
:104690001370744B1B68784A1360724B1B68774A1F
:1046A0001360774B4FF000021A60764B4FF0000218
:1046B0001A606C4B1B68744A13607868FEF7CEFB77
:1046C00097F82530002B4FD097F82730614ADB0050
:1046D00013445B881846FCF797FA0346FB61614B6D
:1046E0001B681946F869FCF7DDF90346BB614FF01A
:1046F0000001B869FCF792FC0346002B16D04FF07E
:104700000001386AFCF794FC0346002B0ED0584A8F
:104710003B6A1360564B1B685C491846FCF788FCE3
:104720000346002B02D0524B584A1A605849B869C8
:10473000FCF76AFC0346002B0BD05649B869FCF71E
:104740006DFC0346002B04D0F9690220FFF750FAF4
:1047500010E05049B869FCF74DFC0346002B09D026
:104760003F4B01221A7005E04B4A4FF000014B48C5
:10477000FFF74EF93868FEF701F9786197F82530B0
:10478000002B05D179693868FEF76EF9034600E021
:104790007B69434A13603748FDF78CFC0346012BC5
:1047A00003D001213348FDF705FC3D4B1B682D4A22
:1047B000126811461846FCF775F903463B613B69E0
:1047C00023F00043FB60374B1B684FF07A511846CB
:1047D000FCF768F903461A46314B1B681946104628
:1047E000FCF726FC0346002B03D0224B4FF00002BF
:1047F000DA6297F82530002B5CD0294B1B68194AE8
:10480000126811461846FFF75BFA154B1B78022B0E
:1048100006D1254A4FF080412448FFF7F9F875E0AA
:10482000214A4FF000012248FFF7F2F8114B4FF0F8
:104830000002DA626AE000BFE8030020000C0140D9
:104840006403002070030020810300207F03002008
:1048500012000020A00300205404002016000020B5
:104860004504002060030020480400204C04002080
:104870005004002020030020600400206404002075
:10488000680400206C0400207004002000007A44BA
:10489000000040409A9999BE00007A4300000C4203
:1048A0006803002078030020000034430000F04239
:1048B0000000C841564B00221A70564B1B68564ADE
:1048C0001360564B564A1A605649F868FCF79CFB31
:1048D0000346002B05D0544A54495548FFF798F831
:1048E00009E0514A4FF000015148FFF791F8514B50
:1048F0004FF00002DA6250493869FCF77BFB03464F
:10490000002B03D04B4B4FF00002DA624948FDF711
:1049100059F90346002B03D0484B1B68484A1360E3
:1049200097F82530002B0CD0454B1B68454A116881
:10493000454A12681846FFF70BFB0346404A1360CE
:1049400008E03F4B1B6839681846FEF78BFB0346AF
:104950003B4A13603A4B1B684FF000011846FCF7C6
:1049600049FB0346002B03D0354B4FF000021A6081
:10497000334B1B682A491846FCF75AFB0346002BA9
:1049800002D02F4B264A1A602E4B1B682F4A136009
:104990002F4B1B687A68D31A2E4AA2FB0312920986
:1049A0004FF47A7101FB02F29B1ABB60244B1B6827
:1049B00029491846FCF728FB0346002B05D00022A6
:1049C0008021264802F068F81FE01D4B1B6824492F
:1049D0001846FCF723FB0346002B05D0012280215B
:1049E0001E4802F059F810E0154B1B681846FCF7FA
:1049F00065FB0246BB68934234BF01230023DBB250
:104A00001A468021154802F047F82837BD4680BD78
:104A10004504002070040020480400204C040020BD
:104A200000007A440000F04100007A43CDCCCC3D38
:104A300000000C4220030020000080BE6403002020
:104A4000700300206803002060030020780300202A
:104A50006C030020D34D62100000A041000C014007
:104A60000000754480B586B000AFEFF31083BB60E3
:104A7000BB687B6172B600BFA04B1B78FB749F4B79
:104A800000221A709E4B1B78BB749D4B00221A703B
:104A90009C4B1B787B749B4B00221A709A4B1B78A3
:104AA0003B74994B00221A70984B1B78FB73974B01
:104AB00000221A707B69002B01D162B600BFFB7C1B
:104AC000002B1CD0924B1B78DBB2002B08D1904BF3
:104AD00001221A708F4B00221A70FDF7A9FC0AE020
:104AE000FDF73AFCFDF7DCFB00F006FD884B0022E9
:104AF0001A70FDF7F9FD884B01221A7058E2BB7C51
:104B0000002B39D0824B1B78DBB2022B0FD1834BA9
:104B10001B780133DAB2814B1A70804B1A78804BC4
:104B20001B789A4225D97D4B01221A7021E0784BDF
:104B30001B78DBB2032B09D17A4B1B780133DBB234
:104B400003F00303DAB2774B1A7012E0704B1B7854
:104B5000DBB2042B0DD1744B1B78591C734BA3FB98
:104B600001235A0813465B001344CA1AD2B26E4B93
:104B70001A70694B01221A707B7C002B00F0878031
:104B8000634B1B78DBB2002B12D1624B1B78DBB27C
:104B9000012B02D1FDF7B4FC06E05E4B1B78DBB2C3
:104BA000022B01D1FDF7FCFC5B4B01221A70FFE1E7
:104BB000574B1B78DBB2042B65DC032B5DDA012B32
:104BC00002D0022B0CD05EE0FDF76AFB504B0222B4
:104BD0001A70524B01221A70554B00221A7053E082
:104BE000534B1B78002B12D14C4B1B78013B514A85
:104BF00012F83330002B0CBF01230023DAB2474BED
:104C00001B78013B11464B4A02F833103CE0484BFD
:104C10001B78012B0FD1414B1B78013B454ADB0030
:104C200013445A88444B1A803E4B00221A70384B6A
:104C300003221A7028E0394B1B78013B3D4ADB0008
:104C400013441A793D4B1A70344B1B78013B394A97
:104C5000DB0013445A793A4B1A70304B1B78013BF6
:104C6000344ADB0013449A79364B1A702E4B0022DB
:104C70001A70274B04221A7006E0FDF76DFB244BD7
:104C800002221A7000E000BF234B01221A703B7C05
:104C9000002B14BF01230023DAB2FB7B002B14BFCF
:104CA00001230023DBB25340DBB2002B00F08081F4
:104CB0003B7C002B14BF01230023BB73144B1B78D8
:104CC000DBB2013B032B00F26B8101A252F823F00F
:104CD000E14C00086F4D0008A94D0008E34E0008A4
:104CE000BB7B002B30D00E4B1B78082B2CD80C4BE9
:104CF0001B780133DAB20A4B1A7053E19803002093
:104D0000990300209A0300209B0300209C030020AD
:104D1000E9030020E8030020140000201300002015
:104D2000110000200104002002040020ABAAAAAA5E
:104D300000040020A003002004040020060400203A
:104D40000704002008040020BB7B83F00103DBB2D2
:104D5000002B00F02781984B1B78012B40F2228119
:104D6000954B1B78013BDAB2934B1A701AE1BB7B6F
:104D7000002B0CD0914B1B78002B04D08F4B1B7851
:104D8000013BDBB200E002238C4A13700DE18B4B38
:104D90001B78012B04D8894B1B780133DBB200E070
:104DA0000023864A137000E1854B1B88854AA2FBCD
:104DB00003239B099BB2DBB23B71814B1B88824A68
:104DC000A2FB03235B099AB2804BA3FB0213D90811
:104DD0000B469B000B445B00D31A9BB2DBB27B718A
:104DE000774B1B88794AA2FB0323DB089AB2774BE7
:104DF000A3FB0213D9080B469B000B445B00D31A9C
:104E00009BB2DBB2BB716E4B1A88704BA3FB0213D3
:104E1000D9080B469B000B445B00D31A9BB2DBB254
:104E2000FB71BB7B002B18D0694B1B7818333B44BC
:104E300013F8143C092B08D0654B1B7818333B44FE
:104E400013F8143C0133DAB200E00022604B1B7807
:104E500018333B4403F8142C17E05D4B1B781833D0
:104E60003B4413F8143C002B08D0594B1B781833E3
:104E70003B4413F8143C013BDAB200E00922544BE6
:104E80001B7818333B4403F8142C3B791A46520123
:104E9000D21A92001344DB009AB27B79194689003A
:104EA0000B4419468800194603460B449B009BB2ED
:104EB00013449AB2BB79194689000B445B009BB23C
:104EC00013449BB2FA7913449AB23D4B1A803C4B7F
:104ED0001B88B3F5A06F67D9394B4FF4A0621A80D5
:104EE00062E03C4B1B78002B1CD1BB7B002B0CD011
:104EF000394B1B78632B04D0374B1B780133DBB263
:104F000000E00023344A13704FE0334B1B78002B32
:104F100004D0314B1B78013BDBB200E063232E4A07
:104F2000137042E02B4B1B78012B1CD1BB7B002B59
:104F30000CD02A4B1B783B2B04D0284B1B78013319
:104F4000DBB200E00023254A13702EE0234B1B78D0
:104F5000002B04D0214B1B78013BDBB200E03B234C
:104F60001E4A137021E0BB7B002B0CD01C4B1B781E
:104F70003B2B04D01A4B1B780133DBB200E000233B
:104F8000174A137011E0164B1B78002B04D0144BFA
:104F90001B78013BDBB200E03B23114A137004E0B5
:104FA00000BF02E000BF00E000BF0E4B01221A70FC
:104FB0001837BD4680BD00BF11000020000400204E
:104FC00004040020D34D62101F85EB51CDCCCCCC16
:104FD0000104002002040020060400200704002031
:104FE000080400201400002080B59AB002AFA84B3E
:104FF0001B78DBB283F00103DBB2002B40F013829D
:10500000A34B00221A7007F1380310222021184602
:1050100004F025FD002387F8483007F1240310220F
:105020002021184604F01BFD002387F83430994BEB
:105030001B78DBB2042B00F2958101A252F823F019
:1050400055500008B5510008DF51000857520008BC
:1050500019530008904B1B78DBB2002B1FD08E4BEE
:105060001B78DBB2032B06D13B1D8C4A202118464E
:1050700004F07CFC05E03B1D894A2021184604F021
:1050800075FC3A1D07F1380311461846FDF7C4F8C0
:1050900007F1240383491846FDF7BEF863E1824B0C
:1050A0001B78002B06D0814B1B68184606F0E4FDE8
:1050B000034600E00023FB657D4B1B78DBB2002B31
:1050C00009D17C4B1B78381D0093FB6D7A4A202157
:1050D00004F04CFC24E0764B1B78DBB2022B06D1AB
:1050E000381DFB6D754A202104F040FC18E0704B20
:1050F0001B78DBB2032B06D1381DFB6D704A2021D3
:1051000004F034FC0CE06F4B1B781A46694B1B789B
:10511000381D01930092FB6D6B4A202104F026FCA0
:105120003A1D07F1380311461846FDF775F8674B2D
:105130001B68BB65BB6D664AA2FB0323DB0A7B656C
:10514000BB6D644AA2FB03235A09624BA3FB021303
:1051500059090B461B015B1A9B00D31A3B65BA6DBC
:105160005C4BA3FB021359090B461B015B1A9B0006
:10517000D31AFB647B6D632B0AD8381DFB6C01933B
:105180003B6D00937B6D544A202104F0EFFB09E056
:10519000381DFB6C01933B6D00937B6D4F4A2021C2
:1051A00004F0E4FB3A1D07F1240311461846FDF70D
:1051B00033F8D8E007F1380349491846FDF72CF8D1
:1051C0003C4B1B78381D474A202104F0CFFB3A1D89
:1051D00007F1240311461846FDF71EF8C3E0424BC1
:1051E0001B78381D414A202104F0C0FB3A1D07F10D
:1051F000380311461846FDF70FF83D4B1B78002B7E
:1052000010D1394B1B78013B3A4A12F83330002B4E
:1052100001D1394B00E0394B381D394A202104F0C7
:10522000A5FB10E0324B1B78012B06D13B1D354A04
:105230002021184604F09AFB05E03B1D324A20214C
:10524000184604F093FB3A1D07F124031146184653
:10525000FCF7E2FF87E0244B1B78381D2B4A202106
:1052600004F084FB3A1D07F1380311461846FCF799
:10527000D3FF274B1B88381D264A202104F076FBDC
:105280003A1D07F1240311461846FCF7C5FF6AE0F2
:1052900014000020E90300208103002018BF00084B
:1052A00028BF00083CBF00087F030020F403002053
:1052B000E80300201100002048BF00085CBF000880
:1052C0006CBF0008120000207CBF0008EC03002027
:1052D000C5B3A2918988888890BF0008A8BF00083C
:1052E000C0BF0008D0BF000813000020E0BF0008C6
:1052F00000040020A0030020F4BF0008F8BF00084D
:1053000000C000080CC0000818C0000824C0000835
:105310000404002034C00008454B1B78381D454A62
:10532000202104F023FB3A1D07F1380311461846EB
:10533000FCF772FF404B1B781946404B1B781A460E
:105340003F4B1B78381D019300920B463D4A2021AC
:1053500004F00CFB3A1D07F1240311461846FCF734
:105360005BFF00E000BF07F1380337491846FAF742
:10537000EFFE0346002B0ED000210020FBF784FF38
:1053800007F138031846FBF7C7FF07F13803194642
:105390002D4804F0E4FB07F124032C491846FAF7E2
:1053A000D7FE0346002B0ED001210020FBF76CFF37
:1053B00007F124031846FBF7AFFF07F12403194652
:1053C000224804F0CCFB224B1B78DBB2032B0AD122
:1053D000204B1B780733DBB201211846FBF754FF43
:1053E000FCF717F820E01A4B1B78DBB2042B17D11F
:1053F000194B1B78002B07D0174B1B78012B01D1C1
:10540000092302E00C2300E0062387F84B3097F8CD
:105410004B3001211846FBF737FFFBF7FAFF03E09B
:10542000FBF7FDFF00E000BF6037BD4680BD00BF59
:105430001300002044C000080604002007040020D8
:105440000804002054C000080C04002020040020A0
:10545000E9030020010400200204002080B582B08E
:1054600000AF482200210C4804F0F9FA0023FB7138
:1054700007E0FB79084A002102F83310FB79013379
:10548000FB71FB79082BF4D9044B01221A7000BF81
:105490000837BD4680BD00BFA003002011000020DA
:1054A00080B487B000AF78607B68FB605423BB603A
:1054B0000F4B7B6100233B610FE0FA683B691344AB
:1054C0001B781A467B6953407B617B69094A02FB62
:1054D00003F37B613B6901333B613A69BB689A42E4
:1054E000EBD37B6918461C37BD4680BC704700BFB4
:1054F000C59D1C8193010001B0B5A2B000AFFCF7BF
:10550000CFFE07F1180358220021184604F0A7FA2D
:10551000534BBB610223FB61524B1B783B62524AE7
:1055200007F1240311464822184604F02EFB07F128
:1055300018031846FFF7B4FF0346FB6607F118038C
:10554000C7F880301623A7F87E3007F10803002241
:105550001A605A609A60DA6000237B60434B002235
:105560001A70EFF310833B673B6FBB6772B600BFE7
:1055700000F07EFF034687F8873097F88730002BCE
:1055800045D10023BB600123FB60394B3B61012304
:105590007B613A1D07F108031146184601F050F8E7
:1055A000034687F8873097F88730002B2DD10023EA
:1055B000A7F8843021E0B7F8843003F1007303F5D5
:1055C0007C539900B7F884309B00D7F880201344AF
:1055D0001B6800221C46154622462B46022000F07E
:1055E000D7FE034687F8873097F88730002B0BD11A
:1055F000B7F884300133A7F88430B7F88420B7F8BF
:105600007E309A42D7D300E000BF00F057FFBB6F57
:10561000002B01D162B600BF97F88730002B1AD15A
:10562000134B7B677B6F1B680D4A93420DD17B6FD9
:105630005B68022B09D17B6F5C6D786FFFF730FFE1
:1056400003469C4201D1012300E0002303F0010343
:10565000DAB2064B1A7000BF8837BD46B0BD00BF36
:10566000DECCBBAA11000020A00300201500002002
:1056700000FC000890B583B000AF1E4B7B607B68D8
:105680001B681D4A93420DD17B685B68022B09D1D0
:105690007B689B68002B05D07B689B68092B01D831
:1056A000012300E00023FB70FB7803F00103FB7093
:1056B000FB78002B16D07B685C6D7868FFF7F0FEF6
:1056C00003469C420ED17B689B68DAB20B4B1A7082
:1056D0007B680C3348221946094804F056FAFCF757
:1056E000DFFD02E0FFF7BAFE00BF00BF0C37BD468A
:1056F00090BD00BF00FC0008DECCBBAA110000205A
:10570000A003002080B588B006AF00F0ADFC00F02B
:10571000BDF800F0E1F900F091F900F02BF900F08C
:1057200057F9FFF7A7FF0223102227214348FBF771
:10573000E5FCFBF79DFDFBF74FFD414803F058F8F2
:105740004023404A40494148FBF7C8FF03461A46F8
:105750003F4B1A703E4B1B78002B24D03B48FBF785
:1057600097FF06213948FCF771F800213748FCF70C
:10577000B9F802213548FCF726F83448FBF79BFFBF
:105780000346002B06D0324B00221A70314B012207
:105790001A700BE000F0C0FC03462F4A13602F4B39
:1057A00000221A7002E02B4B01221A702C4B4FF092
:1057B00000021A602B4B1B682B4A12682B490968A0
:1057C0000020049001200390029101920093244B49
:1057D000274A28492848FCF7B7F900212648FCF752
:1057E000E9FB264A4FF000012348FCF77EFB4FF40B
:1057F0007A712148FCF742FB00F08EFC0346204AF8
:10580000136000F089F800F087FC78607868FEF794
:1058100043FDFFF727F91B4B1B683B603868FDF71A
:105820003DF839687868FEF7C1FEFFF7DDFB164BDF
:105830004AF6AA221A6000BFE5E700BF180200205E
:10584000C4020020000C01406C0200200C03002068
:105850008003002081030020340400207F03002007
:105860006803002000000020040000200800002041
:1058700064030020600300202003002000007A441D
:105880006C030020EC0300200030004080B590B095
:1058900000AF07F1180328220021184604F0DFF8B2
:1058A0003B1D00221A605A609A60DA601A61012377
:1058B000BB614FF48033FB6100233B620123BB6279
:1058C00002237B634FF48033BB634FF4E013FB632D
:1058D00007F11803184601F0ABFD0346002B01D079
:1058E00000F076F90F237B600223BB600023FB608E
:1058F0004FF480633B6100237B613B1D022118460E
:1059000002F018F80346002B01D000F061F900BF47
:105910004037BD4680BD000080B582B000AF144B5B
:105920004CF6CC421A60124B45F255521A60104B9D
:1059300004225A600E4B40F6C3129A6000F0ECFB52
:10594000786008E000F0E8FB02467B68D31A642B1D
:1059500001D900F03DF9064BDB68002BF2D1044B76
:105960004AF6AA221A6000BF0837BD4680BD00BFB4
:105970000030004080B500AF124B134A1A60114B43
:10598000124A5A600F4B00229A600E4B0022DA60D6
:105990000C4B4FF480421A610A4B00225A61094BAA
:1059A00000229A61074B0022DA61064B00221A623C
:1059B000044801F0A1F80346002B01D000F008F9DB
:1059C00000BF80BD1802002000580040A0860100E2
:1059D00080B500AF174B184A1A60164B4FF482720D
:1059E0005A60144B00229A60124B0022DA60114B6D
:1059F00000221A610F4B01225A610E4B4FF40072C4
:105A00009A610C4B1822DA610A4B00221A62094B88
:105A100000225A62074B00229A62064B0A22DA627F
:105A2000044802F001F90346002B01D000F0D0F841
:105A300000BF80BD6C0200200030014080B586B000
:105A400000AF07F1080300221A605A609A60DA601A
:105A50003B4600221A605A601E4B4FF080421A608B
:105A60001C4B41F61F425A601A4B00229A60194B98
:105A700042F20F72DA60174B00221A61154B802236
:105A80009A61144802F065FE0346002B01D000F035
:105A90009FF84FF48053BB6007F1080319460D4887
:105AA00002F0E8FF0346002B01D000F091F800233C
:105AB0003B6000237B603B461946064803F0CAF969
:105AC0000346002B01D000F083F800BF1837BD4615
:105AD00080BD00BFC402002080B588B000AF07F1D0
:105AE000100300221A605A609A60DA60344B9B6996
:105AF000334A43F020039361314B9B6903F0200349
:105B0000FB60FB682E4B9B692D4A43F008039361B1
:105B10002B4B9B6903F00803BB60BB68284B9B6958
:105B2000274A43F004039361254B9B6903F0040368
:105B30007B607B6801224021224800F0ADFF0022FB
:105B40008021204800F0A8FF4FF400433B611E4B2A
:105B50007B610023BB6107F110031946194800F06F
:105B600017FE4FF470633B61174B7B610023BB61F1
:105B700007F110031946154800F00AFEC0233B61E7
:105B800001237B610023BB610223FB6107F110034A
:105B900019460C4800F0FCFD00220021172000F0FF
:105BA000C0FB172000F0D9FB00220021282000F0C4
:105BB000B8FB282000F0D1FB00BF2037BD4680BDD8
:105BC00000100240000C01400000111000080140CC
:105BD00080B582B000AF0A4B9B69094A43F00803C5
:105BE0009361074B9B6903F008037B607B6800228D
:105BF0008021044800F050FF72B600BF00BFFDE7EF
:105C000000100240000C014080B485B000AF154B7D
:105C10009B69144A43F001039361124B9B6903F0A3
:105C20000103BB60BB680F4BDB690E4A43F0805336
:105C3000D3610C4BDB6903F080537B607B680A4BBC
:105C40005B68FB60FB6823F0E063FB60FB6843F08C
:105C50000073FB60044AFB68536000BF1437BD4605
:105C600080BC7047001002400000014080B588B041
:105C700000AF786007F1100300221A605A609A6042
:105C8000DA607B681B68164A934224D1154B9B69E6
:105C9000144A43F008039361124B9B6903F0080315
:105CA000FB60FB684FF440633B6112237B6103237D
:105CB000FB6107F1100319460B4800F069FD094B21
:105CC000DB69084A43F48003D361064BDB6903F4C4
:105CD0008003BB60BB6800BF2037BD4680BD00BFEE
:105CE0000058004000100240000C014080B58AB00E
:105CF00000AF786007F1140300221A605A609A60BE
:105D0000DA607B681B68224A93423DD1214B9B6934
:105D1000204A43F4805393611E4B9B6903F48053E4
:105D20003B613B691B4B9B691A4A43F00803936133
:105D3000184B9B6903F00803FB60FB6828237B6119
:105D40000223BB6103233B6207F114031946124887
:105D500000F01EFD10237B610023BB610023FB616B
:105D600007F1140319460C4800F012FD0B4B5B6859
:105D70007B627B6A43F0E0637B627B6A43F00103F2
:105D80007B62064A7B6A536000BF2837BD4680BDF0
:105D90000030014000100240000C014000000140B2
:105DA00080B584B000AF78607B681B68B3F1804F2A
:105DB00013D10C4BDB690B4A43F00103D361094B50
:105DC000DB6903F00103FB60FB68002200211C205B
:105DD00000F0A7FA1C2000F0C0FA00BF1037BD4643
:105DE00080BD00BF0010024080B400AF00BFFDE7DF
:105DF00080B400AF00BFFDE780B400AF00BFFDE797
:105E000080B400AF00BFFDE780B400AF00BFFDE786
:105E100080B400AF00BFBD4680BC704780B400AF07
:105E200000BFBD4680BC704780B400AF00BFBD4618
:105E300080BC704780B500AF00F05CF900BF80BD4A
:105E400080B500AF4FF4807000F03EFE4FF400705C
:105E500000F03AFE00BF80BD80B500AF024802F0FE
:105E600019FD00BF80BD00BFC402002080B500AF97
:105E70004FF4806000F028FE4FF4006000F024FE34
:105E80004FF4004000F020FE00BF80BD80B400AFA2
:105E900001231846BD4680BC704780B582B000AF74
:105EA0007860396003F02EFE034616221A604FF028
:105EB000FF3318460837BD4680BD80B582B000AFBD
:105EC00078604FF0FF317868FFF7E7FF00BFFDE72C
:105ED00080B586B000AFF860B9607A6000237B615E
:105EE0000AE0AFF300800146BB685A1CBA60CAB230
:105EF0001A707B6901337B617A697B689A42F0DBB7
:105F00007B6818461837BD4680BD80B586B000AFA7
:105F1000F860B9607A6000237B6109E0BB685A1CB5
:105F2000BA601B781846AFF300807B6901337B6150
:105F30007A697B689A42F1DB7B6818461837BD4660
:105F400080BD80B483B000AF78604FF0FF33184657
:105F50000C37BD4680BC704780B483B000AF78601A
:105F600039603B684FF400525A60002318460C37E2
:105F7000BD4680BC704780B483B000AF7860012319
:105F800018460C37BD4680BC704780B485B000AF62
:105F9000F860B9607A60002318461437BD4680BCAB
:105FA0007047000080B586B000AF7860144A154B8A
:105FB000D31A7B617B693B61134B1B68002B02D1B9
:105FC000114B124A1A60104B1A687B6813443A69E5
:105FD0009A4207D203F096FD03460C221A604FF056
:105FE000FF3309E0084B1B68FB60074B1A687B68AE
:105FF0001344054A1360FB6818461837BD4680BD38
:10600000005000200004000084040020000600204E
:1060100080B400AF00BFBD4680BC7047FFF7F8FFFB
:106020000B480C490C4A002302E0D458C4500433F6
:10603000C4188C42F9D3094A094C002301E01360CB
:106040000432A242FBD303F063FDFFF75BFB704712
:1060500000000020F001002034C40008F0010020FE
:10606000FC050020FEE7000080B500AF084B1B6870
:10607000074A43F010031360032000F047F90F2094
:1060800000F008F8FFF7C0FD0023184680BD00BFF0
:106090000020024080B582B000AF7860124B1A68D1
:1060A000124B1B7819464FF47A73B3FBF1F3B2FB32
:1060B000F3F3184600F05FF90346002B01D00123EB
:1060C0000EE07B680F2B0AD8002279684FF0FF3072
:1060D00000F027F9064A7B681360002300E00123E3
:1060E00018460837BD4680BD1C0000202400002053
:1060F0002000002080B400AF054B1B781A46054BEA
:106100001B681344034A136000BFBD4680BC704740
:10611000240000208804002080B400AF024B1B68DC
:106120001846BD4680BC70478804002080B584B006
:1061300000AF7860FFF7F0FFB8607B68FB60FB683A
:10614000B3F1FF3F05D00A4B1B781A46FB68134496
:10615000FB6000BFFFF7E0FF0246BB68D31AFA6896
:106160009A42F7D800BF00BF1037BD4680BD00BFC0
:106170002400002080B485B000AF78607B6803F015
:106180000703FB600C4BDB68BB60BA684FF6FF038C
:106190001340BB60FB681A02BB68134343F0BF6344
:1061A00043F40033BB60044ABB68D36000BF1437BC
:1061B000BD4680BC704700BF00ED00E080B400AF7A
:1061C000044BDB681B0A03F007031846BD4680BC7E
:1061D000704700BF00ED00E080B483B000AF03461D
:1061E000FB7197F90730002B0BDBFB7903F01F02E3
:1061F000064997F907305B09012000FA02F241F8DD
:10620000232000BF0C37BD4680BC704700E100E092
:1062100080B483B000AF03463960FB7197F9073053
:10622000002B0ADB3B68DAB20C4997F90730120100
:10623000D2B20B4483F800230AE03B68DAB2084983
:10624000FB7903F00F03043B1201D2B20B441A7620
:1062500000BF0C37BD4680BC704700BF00E100E0C6
:1062600000ED00E080B489B000AFF860B9607A60FA
:10627000FB6803F00703FB61FB69C3F10703042B11
:1062800028BF0423BB61FB690433062B02D9FB69D9
:10629000033B00E000237B614FF0FF32BB6902FA51
:1062A00003F3DA43BB681A407B699A404FF0FF3131
:1062B0007B6901FA03F3D9437B680B40134318460B
:1062C0002437BD4680BC704780B582B000AF78608F
:1062D0007B68013BB3F1807F01D301230FE00A4AC1
:1062E0007B68013B53600F214FF0FF30FFF790FFB9
:1062F000054B00229A60044B07221A6000231846BF
:106300000837BD4680BD00BF10E000E080B582B018
:1063100000AF78607868FFF72DFF00BF0837BD46F3
:1063200080BD80B586B000AF0346B9607A60FB736C
:1063300000237B61FFF742FF78617A68B96878696A
:10634000FFF790FF024697F90F3011461846FFF706
:106350005FFF00BF1837BD4680BD80B582B000AF7B
:106360000346FB7197F907301846FFF735FF00BF6A
:106370000837BD4680BD80B582B000AF78607868D0
:10638000FFF7A2FF034618460837BD4680BD000050
:10639000F0B587B000AFF860B960C7E9002301230A
:1063A000FB750023BB7500237B752F4B1B7E012BD8
:1063B00001D1022354E02C4B01221A764CF25030CA
:1063C00000F0A8F80346FB75FB7D002B44D1FB6869
:1063D000012B02D101237B7507E0FB68022B02D160
:1063E00002237B7501E004237B750023BB752DE040
:1063F000BB7D5A00BB6802EB030CBB7D1901D7E9DA
:106400000023C1F12006A1F1200022FA01F403FAD1
:1064100006F6344323FA00F0044323FA01F5A3B24D
:106420001946604600F05AF84CF2503000F072F80D
:106430000346FB750D4B1B690C4A23F001031361E6
:10644000FB7D002B07D1BB7D0133BB75BA7D7B7D06
:106450009A42CDD300E000BF034B00221A76FB7DA9
:1064600018461C37BD46F0BD9004002000200240B5
:1064700080B483B000AF0023FB710D4B1B6903F0A8
:106480008003002B0DD00A4B0A4A5A60084B0A4A77
:106490005A60074B1B6903F08003002B01D00123D6
:1064A000FB71FB7918460C37BD4680BC704700BFB6
:1064B0000020024023016745AB89EFCD80B400AFD7
:1064C000054B1B69044A43F08003136100231846FF
:1064D000BD4680BC704700BF0020024080B483B03E
:1064E00000AF78600B467B80084B0022DA61084BD6
:1064F0001B69074A43F0010313617B687A881A809D
:1065000000BF0C37BD4680BC704700BF9004002020
:106510000020024080B584B000AF7860FFF7FCFD3A
:10652000F86010E07B68B3F1FF3F0CD07B68002B74
:1065300007D0FFF7F1FD0246FB68D31A7A689A424A
:1065400001D2032325E0154BDB6803F00103002B88
:10655000E8D1124BDB6803F02003002B02D00F4B75
:106560002022DA600D4BDB6803F01003002B0BD107
:106570000A4BDB6903F00103002B05D1074BDB68F5
:1065800003F00403002B03D000F00AF8012300E01D
:10659000002318461037BD4680BD00BF00200240D2
:1065A00080B483B000AF00237B60234BDB6803F033
:1065B0001003002B09D0214BDB6943F002031F4A73
:1065C000D3617B6843F010037B601B4BDB6803F0F7
:1065D0000403002B09D0194BDB6943F00103174A70
:1065E000D3617B6843F004037B60134BDB6903F0EA
:1065F0000103002B0BD0114BDB6943F004030F4A5E
:10660000D3610D4BDB690C4A23F00103D3617B6836
:1066100040F20112934206D1074BDB69064A23F090
:106620000103D36102E0044A7B68D36000BF0C37EA
:10663000BD4680BC704700BF00200240900400208F
:1066400080B584B000AF786039600123FB7300230C
:10665000BB602F4B1B7E012B01D1022353E02C4B3F
:1066600001221A767B681B68022B16D14CF250303F
:10667000FFF750FF0346002B41D1012000F04CF8FA
:106680004CF25030FFF746FF0346FB73214B1B696A
:10669000204A23F00403136131E04CF25030FFF73D
:1066A00039FF0346002B2AD13B684FF0FF321A60B6
:1066B0007B689B68BB6019E0B86800F049F84CF251
:1066C0005030FFF727FF0346FB73124B1B69114A3B
:1066D00023F002031361FB7B002B03D03B68BA68F5
:1066E0001A600CE0BB6803F58063BB607B68DB6805
:1066F0009A027B689B681344BA689A42DCD3044BC5
:1067000000221A76FB7B18461037BD4680BD00BFBD
:10671000900400200020024080B483B000AF786075
:10672000094B0022DA61094B1B69084A43F0040354
:106730001361064B1B69054A43F04003136100BF18
:106740000C37BD4680BC70479004002000200240FA
:1067500080B483B000AF78600B4B0022DA610B4B42
:106760001B690A4A43F002031361084A7B685361BC
:10677000064B1B69054A43F04003136100BF0C3709
:10678000BD4680BC704700BF90040020002002403E
:1067900080B48BB000AF7860396000237B62002347
:1067A0003B6269E101227B6A02FA03F3FB613B6809
:1067B0001B68FA691340BB61BA69FB699A4240F0F1
:1067C00058813B685B689A4A93425ED0984A9342EC
:1067D00075D8984A934258D0964A93426FD8964AB1
:1067E000934252D0944A934269D8944A93424CD0EF
:1067F000924A934263D8924A934246D0904A934237
:106800005DD8122B2AD8122B59D801A252F823F0A6
:106810008B6800086568000877680008B968000898
:10682000BF680008BF680008BF680008BF680008AC
:10683000BF680008BF680008BF680008BF6800089C
:10684000BF680008BF680008BF680008BF6800088C
:10685000BF6800086D68000881680008794A9342A3
:1068600013D02CE03B68DB683B6229E03B68DB68C7
:1068700004333B6224E03B68DB6808333B621FE083
:106880003B68DB680C333B621AE03B689B68002B7B
:1068900002D104233B6213E03B689B68012B05D1C6
:1068A00008233B627B68FA691A6109E008233B62AE
:1068B0007B68FA695A6103E000233B6200E000BF95
:1068C000BB69FF2B01D87B6801E07B6804337B61E7
:1068D000BB69FF2B02D87B6A9B0002E07B6A083B06
:1068E0009B003B617B691A680F213B6901FA03F346
:1068F000DB431A40396A3B6901FA03F31A437B69A7
:106900001A603B685B6803F08053002B00F0B18095
:106910004D4B9B694C4A43F0010393614A4B9B6981
:1069200003F00103BB60BB68484A7B6A9B080233E3
:1069300052F82330FB607B6A03F003039B000F22B5
:1069400002FA03F3DB43FA681340FB607B68404ABA
:10695000934213D07B683F4A93420DD07B683E4AF6
:10696000934207D07B683D4A934201D1032306E05E
:10697000042304E0022302E0012300E000237A6AFA
:1069800002F0030292009340FA681343FB602F4920
:106990007B6A9B080233FA6841F823203B685B68F6
:1069A00003F48013002B06D02D4B9A682C49BB6949
:1069B00013438B6006E02A4B9A68BB69DB43284986
:1069C00013408B603B685B6803F40013002B06D018
:1069D000234BDA682249BB691343CB6006E0204BA6
:1069E000DA68BB69DB431E491340CB603B685B68D8
:1069F00003F40033002B06D0194B5A681849BB69C1
:106A000013434B6006E0164B5A68BB69DB431449DD
:106A100013404B603B685B6803F48033002B21D04C
:106A20000F4B1A680E49BB6913430B6021E000BF8E
:106A30000000321000003110000022100000211070
:106A40000000121000001110001002400000014070
:106A500000080140000C01400010014000140140FA
:106A6000000401400B4B1A68BB69DB430949134022
:106A70000B607B6A01337B623B681A687B6A22FA8F
:106A800003F3002B7FF48EAE00BF00BF2C37BD4652
:106A900080BC70470004014080B483B000AF7860D0
:106AA0000B467B8013467B707B78002B03D07A8863
:106AB0007B681A6103E07B881A047B681A6100BF57
:106AC0000C37BD4680BC704780B582B000AF03462E
:106AD000FB80084B5A69FB881340002B06D0054AFF
:106AE000FB885361FB881846FBF7F0FA00BF0837B4
:106AF000BD4680BD0004014080B584B000AF786021
:106B00007B68002B01D101232BE17B6893F83D309A
:106B1000DBB2002B06D17B68002283F83C2078682A
:106B2000FFF7A4F87B68242283F83D207B681B686C
:106B30001A687B681B6822F001021A607B681B6878
:106B40001A687B681B6842F400421A607B681B6805
:106B50001A687B681B6822F400421A6001F032F860
:106B6000F8607B685B68814A934207D8FB68804A7B
:106B7000934294BF01230023DBB206E0FB687D4A09
:106B8000934294BF01230023DBB2002B01D00123E9
:106B9000E7E0FB68784AA2FB03239B0CBB607B68A1
:106BA0001B685B6823F03F017B681B68BA680A4377
:106BB0005A607B681B681B6A23F03F017B685B6837
:106BC0006A4A934202D8BB68013309E0BB684FF4BC
:106BD000967202FB03F3694AA2FB03239B0901336C
:106BE0007A6812680B4313627B681B68DB6923F4C5
:106BF0004F4222F0FF027B685B685C498B4219D8E8
:106C0000FB68591E7B685B685B00B1FBF3F3591CA2
:106C100040F6FC730B40002B0AD0FB68591E7B68C2
:106C20005B685B00B1FBF3F30133C3F30B0351E08B
:106C300004234FE07B689B68002B11D1FB68581E32
:106C40007B6859680B465B000B44B0FBF3F30133E0
:106C5000C3F30B03002B0CBF01230023DBB212E0B4
:106C6000FB68581E7B6859680B469B000B449900D3
:106C70000B44B0FBF3F30133C3F30B03002B0CBF46
:106C800001230023DBB2002B01D0012322E07B682B
:106C90009B68002B0ED1FB68581E7B6859680B4619
:106CA0005B000B44B0FBF3F30133C3F30B0343F47A
:106CB00000430FE0FB68581E7B6859680B469B0039
:106CC0000B4499000B44B0FBF3F30133C3F30B0304
:106CD00043F44043796809681343CB617B681B68C0
:106CE0001B6823F0C0017B68DA697B681B6A1A4362
:106CF0007B681B680A431A607B681B689B6823F4E7
:106D0000034323F0FF037A6811697A68D26811435C
:106D10007A6812680B4393607B681B68DB6823F01A
:106D2000FF017B685A697B689B691A437B681B6813
:106D30000A43DA607B681B681A687B681B6842F04C
:106D400001021A607B6800221A647B68202283F8A3
:106D50003D207B6800221A637B68002283F83E2076
:106D6000002318461037BD4680BD00BFA086010035
:106D70007F841E00FF083D0083DE1B43D34D62105D
:106D800080B588B002AFF8607A601A460B467B8106
:106D900013463B81FFF7C0F97861FB6893F83D30FB
:106DA000DBB2202B40F0E0807B69009319230122A5
:106DB0007049F86800F064F90346002B01D0022303
:106DC000D3E0FB6893F83C30012B01D10223CCE0E7
:106DD000FB68012283F83C20FB681B681B6803F0FA
:106DE0000103012B07D0FB681B681A68FB681B684E
:106DF00042F001021A60FB681B681A68FB681B6896
:106E000022F400621A60FB68212283F83D20FB68AF
:106E1000102283F83E20FB6800221A64FB687A681F
:106E20005A62FB683A895A85FB685B8D9AB2FB68A7
:106E30001A85FB68504ADA6279897B693A6AF86890
:106E400000F09CF80346002B01D001238DE00023C5
:106E50003B61FB681B685B693B61FB681B689B6966
:106E60003B613B6966E07A69396AF86800F022FAAA
:106E70000346002B0DD0FB681B6C042B07D1FB686D
:106E80001B681A68FB681B6842F400721A600123D1
:106E90006BE0FB685B6A1A78FB681B681A61FB6829
:106EA0005B6A5A1CFB685A62FB685B8D9BB2013BB4
:106EB0009AB2FB685A85FB681B8D013B9AB2FB684E
:106EC0001A85FB681B685B6903F00403042B1BD164
:106ED000FB681B8D002B17D0FB685B6A1A78FB6878
:106EE0001B681A61FB685B6A5A1CFB685A62FB6884
:106EF0005B8D9BB2013B9AB2FB685A85FB681B8D88
:106F0000013B9AB2FB681A857A69396AF86800F021
:106F100019FA0346002B0DD0FB681B6C042B07D11C
:106F2000FB681B681A68FB681B6842F400721A60F1
:106F300001231AE0FB681B8D002B94D1FB681B68B2
:106F40001A68FB681B6842F400721A60FB68202212
:106F500083F83D20FB68002283F83E20FB68002276
:106F600083F83C20002300E0022318461837BD4672
:106F700080BD00BF020010000000FFFF80B588B098
:106F800002AFF8607A603B600B467B81FB68DB6A8E
:106F90007B617B69082B06D07B69012B03D07B6961
:106FA00013F5803F08D1FB681B681A68FB681B68F3
:106FB00042F480721A600BE0FB681B6B122B07D146
:106FC000FB681B681A68FB681B6842F480721A60D1
:106FD0003B6800937B6800224FF00111F86800F0D5
:106FE0004FF80346002B0DD0FB681B681B6803F4A9
:106FF0008073B3F5807F03D1FB684FF400721A648D
:10700000032335E0FB681B69B3F5804F08D17B890A
:10701000DBB21A46FB681B6802F0FE021A611BE035
:107020007B89DB11DBB203F00603DBB263F00F03F5
:10703000DAB2FB681B681A613B687A680E49F86827
:1070400000F098F80346002B01D0012310E07B8963
:10705000DAB2FB681B681A613B687A680749F8680E
:1070600000F088F80346002B01D0012300E0002344
:1070700018461837BD4680BD080001000200010017
:1070800080B584B000AFF860B9603B601346FB7117
:1070900048E03B68B3F1FF3F44D0FFF73DF80246BC
:1070A000BB69D31A3A689A4202D33B68002B39D1A4
:1070B000BB681B0CDBB2012B0DD1FB681B685B6945
:1070C000DA43BB6813409BB2002B0CBF01230023A3
:1070D000DBB21A460CE0FB681B689B69DA43BB68AD
:1070E00013409BB2002B0CBF01230023DBB21A46D6
:1070F000FB799A4216D1FB6800221A63FB682022B2
:1071000083F83D20FB68002283F83E20FB681B6C5F
:1071100043F02002FB681A64FB68002283F83C20DD
:10712000012323E0BB681B0CDBB2012B0DD1FB68F4
:107130001B685B69DA43BB6813409BB2002B0CBF32
:1071400001230023DBB21A460CE0FB681B689B6935
:10715000DA43BB6813409BB2002B0CBF0123002312
:10716000DBB21A46FB799A4293D0002318461037B7
:10717000BD4680BD80B584B000AFF860B9607A606C
:107180003B6071E0FB681B685B6903F48063B3F5E7
:10719000806F23D1FB681B681A68FB681B6842F488
:1071A00000721A60FB681B686FF480625A61FB68AA
:1071B00000221A63FB68202283F83D20FB6800222E
:1071C00083F83E20FB681B6C43F00402FB681A64E2
:1071D000FB68002283F83C20012367E07B68B3F161
:1071E000FF3F41D0FEF798FF02463B68D31A7A680A
:1071F0009A4202D37B68002B36D1BB681B0CDBB2F2
:10720000012B0CD1FB681B685B69DA43BB68134038
:107210009BB2002B14BF01230023DBB20BE0FB6801
:107220001B689B69DA43BB6813409BB2002B14BFF9
:1072300001230023DBB2002B16D0FB6800221A6367
:10724000FB68202283F83D20FB68002283F83E2063
:10725000FB681B6C43F02002FB681A64FB68002289
:1072600083F83C20012321E0BB681B0CDBB2012B1F
:107270000CD1FB681B685B69DA43BB6813409BB2A7
:10728000002B14BF01230023DBB20BE0FB681B685B
:107290009B69DA43BB6813409BB2002B14BF0123E8
:1072A0000023DBB2002B7FF46DAF002318461037AC
:1072B000BD4680BD80B584B000AFF860B9607A602B
:1072C00034E0F86800F086F80346002B01D0012373
:1072D00034E0BB68B3F1FF3F28D0FEF71DFF024644
:1072E0007B68D31ABA689A4202D3BB68002B1DD1BF
:1072F000FB681B685B6903F08003802B16D0FB687A
:1073000000221A63FB68202283F83D20FB680022DC
:1073100083F83E20FB681B6C43F02002FB681A6474
:10732000FB68002283F83C20012307E0FB681B6810
:107330005B6903F08003802BC3D10023184610370C
:10734000BD4680BD80B584B000AFF860B9607A609A
:1073500034E0F86800F03EF80346002B01D001232A
:1073600034E0BB68B3F1FF3F28D0FEF7D5FE0246FC
:107370007B68D31ABA689A4202D3BB68002B1DD12E
:10738000FB681B685B6903F00403042B16D0FB68E1
:1073900000221A63FB68202283F83D20FB6800224C
:1073A00083F83E20FB681B6C43F02002FB681A64E4
:1073B000FB68002283F83C20012307E0FB681B6880
:1073C0005B6903F00403042BC3D100231846103774
:1073D000BD4680BD80B483B000AF78607B681B6819
:1073E0005B6903F48063B3F5806F1BD17B681B6816
:1073F0006FF480625A617B6800221A637B682022E6
:1074000083F83D207B68002283F83E207B681B6C5C
:1074100043F004027B681A647B68002283F83C20F6
:10742000012300E0002318460C37BD4680BC70479E
:1074300080B586B000AF78607B68002B01D1012356
:1074400072E27B681B6803F00103002B00F0878069
:10745000924B5B6803F00C03042B0CD08F4B5B68E2
:1074600003F00C03082B12D18C4B5B6803F48033C0
:10747000B3F5803F0BD1894B1B6803F40033002B1D
:107480006CD07B685B68002B68D101234CE27B6881
:107490005B68B3F5803F06D1804B1B687F4A43F49D
:1074A000803313602EE07B685B68002B0CD17B4B34
:1074B0001B687A4A23F480331360784B1B68774A41
:1074C00023F4802313601DE07B685B68B3F5A02F75
:1074D0000CD1724B1B68714A43F4802313606F4BCD
:1074E0001B686E4A43F4803313600BE06B4B1B68E0
:1074F0006A4A23F480331360684B1B68674A23F49D
:10750000802313607B685B68002B13D0FEF704FEBA
:10751000386108E0FEF700FE02463B69D31A642B8F
:1075200001D9032300E25D4B1B6803F40033002BF9
:10753000F0D014E0FEF7F0FD386108E0FEF7ECFD56
:1075400002463B69D31A642B01D90323ECE1534B68
:107550001B6803F40033002BF0D100E000BF7B6810
:107560001B6803F00203002B63D04C4B5B6803F0F5
:107570000C03002B0BD0494B5B6803F00C03082B6A
:107580001CD1464B5B6803F48033002B16D1434B70
:107590001B6803F00203002B05D07B681B69012BDD
:1075A00001D00123C0E13D4B1B6823F0F8027B684A
:1075B0005B69DB00394913430B603AE07B681B6968
:1075C000002B20D0364B01221A60FEF7A5FD386152
:1075D00008E0FEF7A1FD02463B69D31A022B01D950
:1075E0000323A1E12D4B1B6803F00203002BF0D015
:1075F0002A4B1B6823F0F8027B685B69DB00274994
:1076000013430B6015E0264B00221A60FEF784FD41
:10761000386108E0FEF780FD02463B69D31A022B71
:1076200001D9032380E11D4B1B6803F00203002BEB
:10763000F0D17B681B6803F00803002B3AD07B680D
:107640009B69002B19D0174B01221A60FEF764FDCD
:10765000386108E0FEF760FD02463B69D31A022B51
:1076600001D9032360E10D4B5B6A03F00203002B99
:10767000F0D0012000F0BAFA1CE00A4B00221A6098
:10768000FEF74AFD38610FE0FEF746FD02463B6912
:10769000D31A022B08D9032346E100BF0010024091
:1076A0000000424280044242924B5B6A03F00203B4
:1076B000002BE9D17B681B6803F00403002B00F06A
:1076C000A6800023FB758B4BDB6903F08053002BF6
:1076D0000DD1884BDB69874A43F08053D361854BDA
:1076E000DB6903F08053BB60BB680123FB75824BF1
:1076F0001B6803F48073002B18D17F4B1B687E4AF4
:1077000043F480731360FEF707FD386108E0FEF76D
:1077100003FD02463B69D31A642B01D9032303E11D
:10772000754B1B6803F48073002BF0D07B68DB681B
:10773000012B06D16F4B1B6A6E4A43F001031362A3
:107740002DE07B68DB68002B0CD16A4B1B6A694A11
:1077500023F001031362674B1B6A664A23F004039C
:1077600013621CE07B68DB68052B0CD1614B1B6A44
:10777000604A43F0040313625E4B1B6A5D4A43F0A8
:10778000010313620BE05B4B1B6A5A4A23F00103AF
:107790001362584B1B6A574A23F0040313627B6839
:1077A000DB68002B15D0FEF7B7FC38610AE0FEF766
:1077B000B3FC02463B69D31A41F28832934201D9A5
:1077C0000323B1E04B4B1B6A03F00203002BEED006
:1077D00014E0FEF7A1FC38610AE0FEF79DFC0246CA
:1077E0003B69D31A41F28832934201D903239BE0CB
:1077F000404B1B6A03F00203002BEED1FB7D012BF3
:1078000005D13C4BDB693B4A23F08053D3617B6855
:10781000DB69002B00F08780364B5B6803F00C03BC
:10782000082B61D07B68DB69022B46D1334B0022E9
:107830001A60FEF771FC386108E0FEF76DFC024645
:107840003B69D31A022B01D903236DE0294B1B6836
:1078500003F00073002BF0D17B681B6AB3F5803F07
:1078600008D1244B5B6823F400327B689B68214974
:1078700013434B601F4B5B6823F474127B68196AD7
:107880007B685B6A0B431B4913434B601B4B012214
:107890001A60FEF741FC386108E0FEF73DFC024645
:1078A0003B69D31A022B01D903233DE0114B1B681E
:1078B00003F00073002BF0D035E0104B00221A606B
:1078C000FEF72AFC386108E0FEF726FC02463B6919
:1078D000D31A022B01D9032326E0064B1B6803F0C1
:1078E0000073002BF0D11EE07B68DB69012B07D110
:1078F000012319E000100240007000406000424285
:107900000B4B5B68FB60FB6803F480327B681B6A8F
:107910009A4206D1FB6803F470127B685B6A9A4254
:1079200001D0012300E0002318461837BD4680BD72
:107930000010024080B584B000AF786039607B6889
:10794000002B01D10123D0E06A4B1B6803F0070331
:107950003A689A4210D9674B1B6823F007026549C1
:107960003B6813430B60634B1B6803F007033A68E3
:107970009A4201D00123B8E07B681B6803F0020340
:10798000002B20D07B681B6803F00403002B05D07C
:10799000594B5B68584A43F4E06353607B681B684B
:1079A00003F00803002B05D0534B5B68524A43F4A5
:1079B00060535360504B5B6823F0F0027B689B6818
:1079C0004D4913434B607B681B6803F00103002B98
:1079D00040D07B685B68012B07D1474B1B6803F4E1
:1079E0000033002B15D101237FE07B685B68022BFD
:1079F00007D1414B1B6803F00073002B09D1012311
:107A000073E03D4B1B6803F00203002B01D10123FF
:107A10006BE0394B5B6823F003027B685B68364997
:107A200013434B60FEF778FBF8600AE0FEF774FB47
:107A30000246FB68D31A41F28832934201D90323EC
:107A400053E02D4B5B6803F00C027B685B689B0086
:107A50009A42EBD1274B1B6803F007033A689A421E
:107A600010D2244B1B6823F0070222493B681343C2
:107A70000B60204B1B6803F007033A689A4201D061
:107A8000012332E07B681B6803F00403002B08D05D
:107A9000194B5B6823F4E0627B68DB68164913438B
:107AA0004B607B681B6803F00803002B09D0124B66
:107AB0005B6823F460527B681B69DB000E4913434B
:107AC0004B6000F021F802460B4B5B681B0903F08A
:107AD0000F030A49CB5C22FA03F3094A1360094BEE
:107AE0001B681846FEF7D6FA002318461037BD4625
:107AF00080BD00BF00200240001002406CC00008A2
:107B00001C0000202000002080B487B000AF0023BC
:107B1000FB600023BB6000237B6100237B600023AC
:107B20003B611E4B5B68FB60FB6803F00C03042B9E
:107B300002D0082B03D027E0194B3B6127E0FB68FC
:107B40009B0C03F00F03174AD35C7B60FB6803F4C4
:107B50008033002B10D0114B5B685B0C03F00103EA
:107B6000114AD35CBB607B680D4A03FB02F2BB6821
:107B7000B2FBF3F37B6104E07B680C4A02FB03F386
:107B80007B617B693B6102E0054B3B6100BF3B6968
:107B900018461C37BD4680BC704700BF001002402D
:107BA00000127A0084C0000894C0000800093D005B
:107BB00080B400AF024B1B681846BD4680BC7047BE
:107BC0001C00002080B500AFFFF7F2FF0246054B16
:107BD0005B681B0A03F007030349CB5C22FA03F33B
:107BE000184680BD001002407CC0000880B485B0FB
:107BF00000AF78600A4B1B680A4AA2FB03235B0AAA
:107C00007A6802FB03F3FB6000BFFB685A1EFA6050
:107C1000002BF9D100BF00BF1437BD4680BC7047B0
:107C20001C000020D34D621080B582B000AF786098
:107C30007B68002B01D1012376E07B685B6A002B17
:107C400008D17B685B68B3F5827F09D07B6800222E
:107C5000DA6105E07B6800221A617B6800225A61C4
:107C60007B6800229A627B6893F85130DBB2002B6C
:107C700006D17B68002283F850207868FEF736F83A
:107C80007B68022283F851207B681B681A687B6836
:107C90001B6822F040021A607B685B6803F4827202
:107CA0007B689B6803F404431A437B68DB6803F436
:107CB00000631A437B681B6903F002031A437B6865
:107CC0005B6903F001031A437B689B6903F400734B
:107CD0001A437B68DB6903F038031A437B681B6A2D
:107CE00003F0800342EA03017B689B6A03F40052BD
:107CF0007B681B680A431A607B689B691A0C7B6867
:107D00001B6802F004025A607B681B68DA697B68B2
:107D10001B6822F40062DA617B6800225A657B6886
:107D2000012283F85120002318460837BD4680BD44
:107D300080B588B000AFF860B9603B601346FB8047
:107D4000FEF7EAF9F861FB887B83FB6893F8513012
:107D5000DBB2012B01D002232AE1BB68002B02D049
:107D6000FB88002B01D1012322E1FB6893F85030FE
:107D7000012B01D102231BE1FB68012283F8502073
:107D8000FB68032283F85120FB6800225A65FB68D8
:107D9000BA681A63FB68FA889A86FB68FA88DA86FA
:107DA000FB6800229A63FB6800229A87FB68002226
:107DB000DA87FB6800225A64FB6800221A64FB68B9
:107DC0009B68B3F5004F0FD1FB681B681A68FB680E
:107DD0001B6822F040021A60FB681B681A68FB6887
:107DE0001B6842F480421A60FB681B681B6803F042
:107DF0004003402B07D0FB681B681A68FB681B68B0
:107E000042F040021A60FB68DB68B3F5006F52D1A4
:107E1000FB685B68002B02D07B8B012B45D1FB6894
:107E20001B6B1A88FB681B68DA60FB681B6B9A1C6B
:107E3000FB681A63FB68DB8E9BB2013B9AB2FB685E
:107E4000DA8632E0FB681B689B6803F00203022BB2
:107E500012D1FB681B6B1A88FB681B68DA60FB6831
:107E60001B6B9A1CFB681A63FB68DB8E9BB2013BA1
:107E70009AB2FB68DA8618E0FEF74EF90246FB6913
:107E8000D31A3A689A4203D83B68B3F1FF3F02D154
:107E90003B68002B09D1FB68012283F85120FB6865
:107EA000002283F85020032382E0FB68DB8E9BB224
:107EB000002BC7D153E0FB685B68002B02D07B8BA3
:107EC000012B47D1FB681A6BFB681B680C331278D7
:107ED0001A70FB681B6B5A1CFB681A63FB68DB8E0D
:107EE0009BB2013B9AB2FB68DA8633E0FB681B6801
:107EF0009B6803F00203022B13D1FB681A6BFB682B
:107F00001B680C3312781A70FB681B6B5A1CFB68D9
:107F10001A63FB68DB8E9BB2013B9AB2FB68DA8680
:107F200018E0FEF7F9F80246FB69D31A3A689A425C
:107F300003D83B68B3F1FF3F02D13B68002B09D166
:107F4000FB68012283F85120FB68002283F850204F
:107F500003232DE0FB68DB8E9BB2002BC6D1FA69B0
:107F60003968F86800F0C4FB0346002B02D0FB68B8
:107F700020225A65FB689B68002B0AD100237B6195
:107F8000FB681B68DB687B61FB681B689B687B6127
:107F90007B69FB68012283F85120FB68002283F88B
:107FA0005020FB685B6D002B01D0012300E0002313
:107FB00018462037BD4680BD80B588B002AFF86056
:107FC000B9603B601346FB80FB6893F85130DBB22D
:107FD000012B01D0022304E1FB685B68B3F5827FCB
:107FE00012D1FB689B68002B0ED1FB68042283F83A
:107FF0005120FA883B6800931346BA68B968F8685C
:1080000000F0F3F80346ECE0FEF786F87861BB6811
:10801000002B02D0FB88002B01D10123E1E0FB689B
:1080200093F85030012B01D10223DAE0FB680122E2
:1080300083F85020FB68042283F85120FB6800225B
:108040005A65FB68BA689A63FB68FA889A87FB6886
:10805000FA88DA87FB6800221A63FB6800229A8696
:10806000FB680022DA86FB6800221A64FB680022A3
:108070005A64FB689B68B3F5004F0FD1FB681B681F
:108080001A68FB681B6822F040021A60FB681B68D4
:108090001A68FB681B6822F480421A60FB681B6840
:1080A0001B6803F04003402B07D0FB681B681A686D
:1080B000FB681B6842F040021A60FB68DB68002B1B
:1080C00070D135E0FB681B689B6803F00103012B4E
:1080D00015D1FB681B6803F10C02FB689B6B1278DF
:1080E000D2B21A70FB689B6B5A1CFB689A63FB68E0
:1080F000DB8F9BB2013B9AB2FB68DA8718E0FEF790
:108100000BF802467B69D31A3A689A4203D83B6857
:10811000B3F1FF3F02D13B68002B09D1FB6801227C
:1081200083F85120FB68002283F85020032358E095
:10813000FB68DB8F9BB2002BC4D138E0FB681B6867
:108140009B6803F00103012B13D1FB681B68DA68FD
:10815000FB689B6B92B21A80FB689B6B9A1CFB6856
:108160009A63FB68DB8F9BB2013B9AB2FB68DA87AC
:1081700018E0FDF7D1FF02467B69D31A3A689A42AC
:1081800003D83B68B3F1FF3F02D13B68002B09D114
:10819000FB68012283F85120FB68002283F85020FD
:1081A00003231EE0FB68DB8F9BB2002BC6D17A69EC
:1081B0003968F86800F04AFA0346002B02D0FB68E1
:1081C00020225A65FB68012283F85120FB680022B7
:1081D00083F85020FB685B6D002B01D0012300E089
:1081E000002318461837BD4680BD80B58AB000AF61
:1081F000F860B9607A607B8001237B62FDF78CFFB9
:108200003862FB6893F85130FB77FB685B68BB61B1
:108210007B88FB82FB7F012B0CD0BB69B3F5827F8F
:1082200006D1FB689B68002B02D1FB7F042B01D099
:1082300002237FE1BB68002B05D07B68002B02D0B6
:108240007B88002B01D1012374E1FB6893F8503047
:10825000012B01D102236DE1FB68012283F850203C
:10826000FB6893F85130DBB2042B03D0FB68052286
:1082700083F85120FB6800225A65FB687A689A638C
:10828000FB687A88DA87FB687A889A87FB68BA681D
:108290001A63FB687A88DA86FB687A889A86FB68B4
:1082A00000221A64FB6800225A64FB681B681B6882
:1082B00003F04003402B07D0FB681B681A68FB687B
:1082C0001B6842F040021A60FB68DB68B3F5006F80
:1082D0007ED1FB685B68002B02D0FB8A012B6CD13E
:1082E000FB681B6B1A88FB681B68DA60FB681B6BFA
:1082F0009A1CFB681A63FB68DB8E9BB2013B9AB247
:10830000FB68DA8659E0FB681B689B6803F0020390
:10831000022B1BD1FB68DB8E9BB2002B16D07B6A35
:10832000012B13D1FB681B6B1A88FB681B68DA6092
:10833000FB681B6B9A1CFB681A63FB68DB8E9BB2A5
:10834000013B9AB2FB68DA8600237B62FB681B68FC
:108350009B6803F00103012B19D1FB68DB8F9BB2F3
:10836000002B14D0FB681B68DA68FB689B6B92B229
:108370001A80FB689B6B9A1CFB689A63FB68DB8F17
:108380009BB2013B9AB2FB68DA8701237B62FDF75F
:10839000C3FE02463B6AD31A3A6B9A420DD83B6B36
:1083A000B3F1FF3F09D0FB68012283F85120FB683D
:1083B000002283F850200323BCE0FB68DB8E9BB2D5
:1083C000002BA0D1FB68DB8F9BB2002B9BD182E0FE
:1083D000FB685B68002B02D0FB8A012B71D1FB6824
:1083E0001A6BFB681B680C3312781A70FB681B6BE6
:1083F0005A1CFB681A63FB68DB8E9BB2013B9AB286
:10840000FB68DA865DE0FB681B689B6803F002038B
:10841000022B1CD1FB68DB8E9BB2002B17D07B6A32
:10842000012B14D1FB681A6BFB681B680C331278A4
:108430001A70FB681B6B5A1CFB681A63FB68DB8EA7
:108440009BB2013B9AB2FB68DA8600237B62FB6831
:108450001B689B6803F00103012B19D1FB68DB8FBC
:108460009BB2002B14D0FB681B68DA68FB689B6B1F
:10847000D2B21A70FB689B6B5A1CFB689A63FB684C
:10848000DB8F9BB2013B9AB2FB68DA8701237B62E8
:10849000FDF742FE02463B6AD31A3A6B9A4203D872
:1084A0003B6BB3F1FF3F02D13B6B002B09D1FB6863
:1084B000012283F85120FB68002283F85020032317
:1084C00038E0FB68DB8E9BB2002B9CD1FB68DB8F16
:1084D0009BB2002B97D13A6A396BF86800F008F923
:1084E0000346002B08D0FB6820225A65FB68002257
:1084F00083F8502001231DE0FB689B68002B0AD104
:1085000000233B61FB681B68DB683B61FB681B6801
:108510009B683B613B69FB68012283F85120FB6843
:10852000002283F85020FB685B6D002B01D00123F3
:1085300000E0002318462837BD4680BD80B588B0CE
:1085400000AFF860B9603B601346FB71FDF7E4FDD6
:108550000246BB6A9B1A3A681344FB61FDF7DCFDD7
:10856000B861394B1B685B011B0DFA6902FB03F311
:108570007B6154E03B68B3F1FF3F50D0FDF7CCFD89
:108580000246BB69D31AFA699A4202D9FB69002BE9
:108590003DD1FB681B685A68FB681B6822F0E0024B
:1085A0005A60FB685B68B3F5827F11D1FB689B68FA
:1085B000B3F5004F04D0FB689B68B3F5806F07D11B
:1085C000FB681B681A68FB681B6822F040021A608F
:1085D000FB689B6AB3F5005F0FD1FB681B681A68E4
:1085E000FB681B6822F400521A60FB681B681A685B
:1085F000FB681B6842F400521A60FB68012283F892
:108600005120FB68002283F85020032317E07B6988
:10861000002B01D10023FB617B69013B7B61FB687F
:108620001B689A68BB681340BA689A420CBF012362
:108630000023DBB21A46FB799A429BD100231846ED
:108640002037BD4680BD00BF1C00002080B586B02D
:1086500002AFF860B9607A60FB685B68B3F5827F4F
:1086600011D1FB689B68B3F5004F04D0FB689B6891
:10867000B3F5806F07D1FB681B681A68FB681B683D
:1086800022F040021A60FB685B68B3F5827F17D165
:10869000FB689B68B3F5806F12D17B680093BB6861
:1086A00000220121F868FFF749FF0346002B1AD08A
:1086B000FB685B6D43F02002FB685A65032313E0FF
:1086C0007B680093BB6800228021F868FFF736FFC3
:1086D0000346002B07D0FB685B6D43F02002FB686C
:1086E0005A65032300E0002318461037BD4680BDBD
:1086F00080B586B002AFF860B9607A607B6800939D
:10870000BB6801220221F868FFF718FF0346002B1F
:1087100007D0FB685B6D43F02002FB685A650323BA
:1087200013E07B680093BB6800228021F868FFF7A4
:1087300005FF0346002B07D0FB685B6D43F020026A
:10874000FB685A65032300E0002318461037BD4636
:1087500080BD80B582B000AF78607B68002B01D10E
:10876000012341E07B6893F83D30DBB2002B06D15A
:108770007B68002283F83C207868FDF711FB7B685A
:10878000022283F83D207B681A687B68043319460F
:10879000104600F05BFA7B68012283F846207B6874
:1087A000012283F83E207B68012283F83F207B680A
:1087B000012283F840207B68012283F841207B68F6
:1087C000012283F842207B68012283F843207B68E2
:1087D000012283F844207B68012283F845207B68CE
:1087E000012283F83D20002318460837BD4680BD8E
:1087F00080B485B000AF78607B6893F83D30DBB221
:10880000012B01D001233AE07B68022283F83D204E
:108810007B681B68DA687B681B6842F00102DA60DB
:108820007B681B68184A93420ED07B681B68B3F1C3
:10883000804F09D07B681B68144A934204D07B6840
:108840001B68134A934211D17B681B689B6803F035
:108850000703FB60FB68062B10D07B681B681A6857
:108860007B681B6842F001021A6007E07B681B68A6
:108870001A687B681B6842F001021A6000231846E0
:108880001437BD4680BC7047002C014000040040F6
:108890000008004080B584B000AF78607B681B683A
:1088A000DB68FB607B681B681B69BB60BB6803F00F
:1088B0000203002B20D0FB6803F00203002B1BD027
:1088C0007B681B686FF002021A617B6801221A77CD
:1088D0007B681B689B6903F00303002B03D0786857
:1088E00000F098F905E0786800F08BF9786800F0FE
:1088F0009AF97B6800221A77BB6803F00403002B07
:1089000020D0FB6803F00403002B1BD07B681B689E
:108910006FF004021A617B6802221A777B681B6879
:108920009B6903F44073002B03D0786800F072F960
:1089300005E0786800F065F9786800F074F97B6804
:1089400000221A77BB6803F00803002B20D0FB68D5
:1089500003F00803002B1BD07B681B686FF0080234
:108960001A617B6804221A777B681B68DB6903F055
:108970000303002B03D0786800F04CF905E0786819
:1089800000F03FF9786800F04EF97B6800221A7712
:10899000BB6803F01003002B20D0FB6803F010032A
:1089A000002B1BD07B681B686FF010021A617B687C
:1089B00008221A777B681B68DB6903F44073002B7D
:1089C00003D0786800F026F905E0786800F019F91E
:1089D000786800F028F97B6800221A77BB6803F0FA
:1089E0000103002B0CD0FB6803F00103002B07D020
:1089F0007B681B686FF001021A617868F9F7DCFB8D
:108A0000BB6803F08003002B0CD0FB6803F08003ED
:108A1000002B07D07B681B686FF080021A617868B2
:108A200000F07FFABB6803F04003002B0CD0FB681A
:108A300003F04003002B07D07B681B686FF04002F7
:108A40001A61786800F0F8F8BB6803F02003002B87
:108A50000CD0FB6803F02003002B07D07B681B6859
:108A60006FF020021A61786800F052FA00BF1037E8
:108A7000BD4680BD80B584B000AF7860396000230A
:108A8000FB737B6893F83C30012B01D10223B4E0E7
:108A90007B68012283F83C207B68022283F83D201A
:108AA0007B681B689B68BB60BB6823F07703BB6077
:108AB000BB6823F47F43BB607B681B68BA689A601D
:108AC0003B681B68B3F5005F3ED0B3F5005F00F272
:108AD0008780B3F5805F00F08680B3F5805F7FD834
:108AE000702B1AD0702B7BD8602B50D0602B77D88E
:108AF000502B3CD0502B73D8402B58D0402B6FD8E4
:108B0000302B64D0302B6BD8202B60D0202B67D833
:108B1000002B5CD0102B5AD062E07B6818683B6851
:108B200099683B685A683B68DB6800F074F97B68B9
:108B30001B689B68BB60BB6843F07703BB607B68C6
:108B40001B68BA689A604FE07B6818683B68996850
:108B50003B685A683B68DB6800F05DF97B681B681E
:108B60009A687B681B6842F480429A603CE07B68AC
:108B700018683B6859683B68DB681A4600F0D4F80F
:108B80007B681B685021184600F02BF92CE07B68AD
:108B900018683B6859683B68DB681A4600F0F2F8D1
:108BA0007B681B686021184600F01BF91CE07B689D
:108BB00018683B6859683B68DB681A4600F0B4F8EF
:108BC0007B681B684021184600F00BF90CE07B68BD
:108BD0001A683B681B681946104600F002F903E06A
:108BE0000123FB7300E000BF7B68012283F83D2076
:108BF0007B68002283F83C20FB7B18461037BD467B
:108C000080BD80B483B000AF786000BF0C37BD4634
:108C100080BC704780B483B000AF786000BF0C3771
:108C2000BD4680BC704780B483B000AF786000BFA1
:108C30000C37BD4680BC704780B483B000AF78600D
:108C400000BF0C37BD4680BC7047000080B485B0C3
:108C500000AF786039607B681B68FB607B682F4AD7
:108C600093420BD07B68B3F1804F07D07B682C4ACE
:108C7000934203D07B682B4A934208D1FB6823F0D0
:108C80007003FB603B685B68FA681343FB607B68BA
:108C9000224A93420BD07B68B3F1804F07D07B68A8
:108CA0001F4A934203D07B681E4A934208D1FB6857
:108CB00023F44073FB603B68DB68FA681343FB6096
:108CC000FB6823F080023B685B691343FB607B68B1
:108CD000FA681A603B689A687B68DA623B681A68CF
:108CE0007B689A627B680D4A934203D13B681A699C
:108CF0007B681A637B6801225A617B681B6903F0F9
:108D00000103002B05D07B681B6923F001027B68FF
:108D10001A6100BF1437BD4680BC7047002C01406B
:108D2000000400400008004080B487B000AFF86045
:108D3000B9607A60FB681B6A7B61FB681B6A23F081
:108D40000102FB681A62FB689B693B613B6923F087
:108D5000F0033B617B681B013A6913433B617B690C
:108D600023F00A037B617A69BB6813437B61FB686C
:108D70003A699A61FB687A691A6200BF1C37BD467E
:108D800080BC704780B487B000AFF860B9607A608B
:108D9000FB681B6A7B61FB681B6A23F01002FB689F
:108DA0001A62FB689B693B613B6923F470433B613A
:108DB0007B681B033A6913433B617B6923F0A00383
:108DC0007B61BB681B017A6913437B61FB683A696D
:108DD0009A61FB687A691A6200BF1C37BD4680BC85
:108DE000704780B485B000AF786039607B689B685D
:108DF000FB60FB6823F07003FB603A68FB68134379
:108E000043F00703FB607B68FA689A6000BF143781
:108E1000BD4680BC704780B487B000AFF860B960D1
:108E20007A603B60FB689B687B617B6923F47F43CE
:108E30007B613B681A027B681A43BB6813437A69FB
:108E400013437B61FB687A699A6000BF1C37BD469B
:108E500080BC704780B485B000AF786039607B68B3
:108E600093F83C30012B01D1022346E07B680122BC
:108E700083F83C207B68022283F83D207B681B68D6
:108E80005B68FB607B681B689B68BB60FB6823F0CA
:108E90007003FB603B681B68FA681343FB607B68E8
:108EA0001B68FA685A607B681B68164A93420ED0AA
:108EB0007B681B68B3F1804F09D07B681B68124A3E
:108EC000934204D07B681B68104A93420CD1BB6864
:108ED00023F08003BB603B685B68BA681343BB60E8
:108EE0007B681B68BA689A607B68012283F83D2022
:108EF0007B68002283F83C20002318461437BD46C7
:108F000080BC7047002C0140000400400008004075
:108F100080B483B000AF786000BF0C37BD4680BC22
:108F2000704780B483B000AF786000BF0C37BD4697
:108F300080BC7047002B2DE9F0471D46BBBF03F1F5
:108F400000431D4600232D2388B01446B8BF1446A5
:108F5000129A109E1370149BDDF84CA023F0200889
:108F6000B8F1460F05D0B8F1450F00D10136022304
:108F700000E0032307AA049206AACDE902A2CDE9E4
:108F8000003622462B4600F097FEB8F1470F074601
:108F900019D1119BDB070ED500EB06090022002337
:108FA00020462946F7F70AFD08B1CDF81C9030227B
:108FB000079B4B451ED33846079B159ADB1B136056
:108FC00008B0BDE8F087B8F1460F00EB0609E5D11F
:108FD0000378302B0AD10022002320462946F7F7D8
:108FE000EDFC18B9C6F10106CAF80060DAF80030E5
:108FF0009944D3E7591C07911A70D9E7F7B50029AE
:10900000B6BF2D232B23494209290270437029DD65
:109010000DF107031D460A27B1FBF7F61A4607FBB9
:109020001614303402F8014C0C46632C314603F11F
:10903000FF33F1DC3031941E03F8011C2346411C40
:10904000AB420AD30DF109039B1AAC4288BF00233F
:1090500002330344181A03B0F0BD13F8016B01F892
:10906000016FEDE7302330318370C170031DF1E7EC
:109070002DE9F04F91B00C46DDF8688016461F468A
:10908000054600F0F5FC036818460893F7F76AF800
:1090900000230E93D8F800300990073323F007031C
:1090A00003F1080294F818A0D4F800B0C8F8002022
:1090B000D3E9008929F000430B93CDF828804FF0C5
:1090C000FF32DDE90A01C4E912899C4BF7F7A8FCDD
:1090D00070BBDDE90A014FF0FF32984BF7F782FCD5
:1090E00030BB0022002340464946F7F771FC10B11F
:1090F0002D2384F84330924A924BBAF1470F8CBF2C
:109100009046984603234FF0000923612BF0040397
:10911000236033462146284600970FAA00F0D4F971
:10912000013040F090804FF0FF3011B0BDE8F08F7B
:1091300042464B4640464946F7F772FC48B14B461B
:10914000002BB8BF2D23804AB8BF84F843307F4B33
:10915000D3E763680AF0DF015A1C3FD1062363603E
:1091600000224BF48063236006920EAACDE904A28C
:109170000DAA03920DF13302CDE901326368424634
:10918000009328464B460A91FFF7D4FE0A99804681
:1091900047290D9928D1C81C02DB6368994240DD3C
:1091A000AAF1020A5FFA8AFA5246013904F1500024
:1091B0000D91FFF723FF0E9A81461318012A2361B0
:1091C00002DC2268D20701D5013323619DF83330D8
:1091D000002B9ED02D2384F843309AE74729BFD136
:1091E000002BBDD10123BAE7BAF1650FDCD9BAF182
:1091F000660F18D1002963680BDD216113B922685D
:10920000D00702D501330B4423614FF00009A1655B
:10921000DCE713B92268D20701D50233F4E7012352
:10922000F2E74FF0670A0E9B994205DB2368216144
:10923000D807EAD54B1CE7E70029CCBF0122C1F1D2
:1092400002021344E0E723685A0507D42369424623
:1092500031462846B84701302BD164E7BAF1650F93
:1092600040F2DC80D4E9120100220023F7F7A6FBCC
:10927000002833D0012331462846354AB84701300B
:109280003FF451AFDDE90D38434502DB2368D807D1
:109290000FD5DDE9082331462846B84701303FF4B1
:1092A00042AF4FF0000908F1FF3804F11A0AC8452F
:1092B00009DC23689B0700F10281E0680F9B98425C
:1092C000B8BF184631E70123524631462846B84711
:1092D00001303FF428AF09F10109E8E70D9B002BAD
:1092E00038DC012331462846194AB84701303FF49B
:1092F0001AAFDDE90D3959EA030302D12368D90712
:10930000D7D5DDE9082331462846B84701303FF478
:109310000AAF4FF0000A04F11A0B0D9B5B42534554
:1093200001DC4B4693E701235A4631462846B847AD
:1093300001303FF4F8AE0AF1010AEEE7FFFFEF7FDC
:109340009AC0000896C00008A2C000089EC000088D
:10935000A6C00008A36DDDF838A05345A8BF53464A
:10936000002B994636DC4FF0000B29EAE97904F12D
:109370001A02A36D0A93A3EB09035B4531DC0D9B35
:109380009A453ADC2368DA0737D40D9BAAEB030928
:109390000A9BAAEB03039945A8BF9946B9F1000FB0
:1093A00033DC4FF0000829EAE97904F11A0B0D9B30
:1093B000AAEB0303A3EB090343457FF77AAF01232D
:1093C0005A4631462846B84701303FF4ACAE08F162
:1093D0000108ECE7424631462846B8470130C2D181
:1093E000A1E60123314628460A92B84701303FF4EE
:1093F0009AAE0A9A0BF1010BBBE73146DDE908236F
:109400002846B8470130C0D18DE60A9A4B4631460E
:1094100028464244B8470130C3D184E6DDF838A07D
:10942000BAF1010F01DCDB0736D501234246314694
:109430002846B84701303FF476AEDDE908233146CF
:109440002846B84701303FF46EAED4E9120100223D
:1094500000230AF1FF3AF7F7B1FAC0B9534608F111
:10946000010231462846B84701300CD15BE60123A2
:109470005A4631462846B84701303FF454AE08F109
:109480000108D045F3DB4B4604F15002E0E64FF013
:10949000000804F11A0BF4E701234246E1E7012337
:1094A0004A4631462846B84701303FF43CAE08F101
:1094B0000108E3680F995B1A4345F0DCFDE64FF0C5
:1094C000000804F11909F4E72DE9F047164698461B
:1094D0008A680B6907469342B8BF1346336091F818
:1094E00043200C46DDF820900AB101333360236835
:1094F000990642BF336802333360256815F00605CC
:1095000006D104F1190AE36832689B1AAB422BDCDE
:1095100094F843302268003B18BF0123920630D4F0
:109520004146384604F14302C847013023D023683E
:10953000226903F00603042B14BF002533684FF0A3
:10954000000608BFE56804F11A0408BFED1A54F8D4
:10955000123C08BF25EAE5759342C4BF9B1AED187B
:10956000B5421AD1002008E0012352464146384650
:10957000C847013003D14FF0FF30BDE8F087013517
:10958000C1E73020E11881F843005A1C94F84510D7
:109590002244023382F84310C2E7012322464146A7
:1095A0003846C8470130E6D00136D9E72DE9FF47F4
:1095B0000F7E9146782F80460C469A460C9E01F10C
:1095C000430207D8622F0AD8002F00F0D180582F0D
:1095D00000F0B88004F1420684F842703AE0A7F146
:1095E0006303152BF6D801A151F823F04596000826
:1095F00059960008D5950008D5950008D59500081E
:10960000D595000859960008D5950008D59500080D
:10961000D5950008D595000857970008839600084F
:1096200011970008D5950008D5950008799700088E
:10963000D595000883960008D5950008D5950008B3
:109640001997000833681A1D1B68326004F142063E
:1096500084F8423001239CE033682068191D316092
:10966000060601D51D6803E04506FBD5B3F9005099
:10967000002D03DA2D236D4284F843300A23584825
:1096800011E021683368080653F8045B02D44906E8
:1096900048BFADB26F2F336014BF0A230823504870
:1096A000002184F843106668002EA66005DB21685F
:1096B0002E4321F0040121604BD01646B5FBF3F197
:1096C00003FB1157C75D06F8017D2F46BB420D46CF
:1096D000F4D9082B0BD12368DF0708D5236961680B
:1096E0009942DEBF302306F8013C06F1FF36921B9B
:1096F00022614B4621464046CDF800A003AAFFF761
:10970000E3FE01304AD14FF0FF3004B0BDE8F087EE
:10971000236843F0200323607827324884F845709B
:10972000236831681F0651F8045B02D45F0648BF06
:10973000ADB23160D90744BF43F0200323601DB1AF
:109740001023ADE72648E9E7236823F020032360D0
:10975000F6E71646BDE733682568181D6169306075
:109760002E061B6801D5196002E06806FBD519803A
:10977000002316462361BCE7336800211A1D3260BE
:109780001E686268304600F0F2F908B1801B606024
:1097900063682361002384F84330AAE732464946D0
:1097A00040462369D0470130ADD023689B0713D4CE
:1097B000E068039B9842B8BF1846A6E701233246EB
:1097C00049464046D04701309DD00135E3680399B2
:1097D0005B1AAB42F2DCEBE7002504F11906F5E772
:1097E000A8C00008B9C00008002310B50446C0E9AD
:1097F0000033C0E90433836081814366C2818361A1
:10980000194608225C3000F02AF90D4B246263628D
:109810000C4BA3620C4BE3620C4B23630C4B9C423E
:1098200006D003F16802944202D0D0339C4205D1A5
:1098300004F15800BDE8104000F08EB910BD00BF23
:10984000D9990008FB990008339A0008579A000834
:10985000B0040020024A0349034800F069B800BF81
:109860002800002001B500083800002041680C4B9A
:1098700010B59942044601D001F042FEA168094B9F
:10988000994202D0204601F03BFEE168064B994226
:1098900004D02046BDE8104001F032BE10BD00BF2C
:1098A000B0040020180500208005002010B50B4BE7
:1098B0000B4C0C4A20461A6004210022FFF794FF4B
:1098C00004F1680001220921FFF78EFF04F1D000A6
:1098D0000222BDE810401221FFF786BFE8050020F4
:1098E000B004002055980008014800F036B900BFC8
:1098F000F1050020014800F031B900BFF10500205A
:1099000010B50446FFF7F0FF236A1BB1BDE8104015
:10991000FFF7F0BF044B2362044B1B68002BF5D10B
:10992000FFF7C4FFF2E700BF6D980008E8050020CC
:109930002DE9F8430746884614460026D4E90195E8
:10994000B9F1010905D52468002CF7D13046BDE8EE
:10995000F883AB89012B07D9B5F90E30013303D059
:1099600029463846C04706436835E9E70CB430B5A8
:10997000184B0C1E1D689DB008DA8B234FF0FF308A
:109980002B601DB0BDE8304002B070474FF4027349
:10999000ADF814304FF000031B930CBF234604F1C5
:1099A000FF33049307934FF6FF7302900690ADF8D0
:1099B0001630284621AB209A02A9019301F024FC1D
:1099C000431CBCBF8B232B60002CDAD00022029BEF
:1099D0001A70D6E73400002010B50C46B1F90E100D
:1099E00000F06CF80028ABBF636DA3891B1823F44B
:1099F0008053ACBF6365A38110BD2DE9F0411F46C4
:109A00008B890546DB050C46164605D50223002248
:109A1000B1F90E1000F040F8A389324623F48053C8
:109A2000A38128463B46B4F90E10BDE8F04100F092
:109A300057B810B50C46B1F90E1000F02DF8431CC4
:109A4000A38915BF606523F4805343F48053A38139
:109A500018BFA38110BDB1F90E1000F00DB8034678
:109A60000244934200D1704703F8011BF9E700005C
:109A7000004870477401002038B50023054D0446A6
:109A800008462B60FCF75DFA431C02D12B6803B13A
:109A9000236038BDEC05002038B504460846114661
:109AA0000022054D2A601A46FCF76FFA431C02D1CA
:109AB0002B6803B1236038BDEC05002038B504469F
:109AC000084611460022054D2A601A46FCF700FAA6
:109AD000431C02D12B6803B1236038BDEC05002084
:109AE00038B50446084611460022054D2A601A463C
:109AF000FCF70BFA431C02D12B6803B1236038BD7D
:109B0000EC050020014B1868704700BF34000020AE
:109B100070B500260C4D0D4C641BA410A64209D153
:109B200002F0ECF900260A4D0A4C641BA410A64270
:109B300005D170BD55F8043B98470136EEE755F85E
:109B4000043B98470136F2E72CC400082CC40008F7
:109B50002CC4000830C400087047704770470346A3
:109B600011F8012B03F8012B002AF9D170470346A5
:109B700010B5C9B202449342184601D1002003E057
:109B8000047801338C42F6D110BD0A44914200F1B1
:109B9000FF3300D1704710B511F8014B914203F823
:109BA000014FF9D110BD2DE9F74F03690C69074644
:109BB000A3427EDB013CA30000F1140501F114086F
:109BC000009305EB8403019358F8243055F82420C2
:109BD00001339A42B2FBF3F608EB84092ED34FF01F
:109BE000000AC446AE46D3465CF8043B98B206FB76
:109BF00000A01B0C020C06FB0323DEF8002080B241
:109C000092B2121A5A44DEF800004FEA134A9BB28D
:109C1000C3EB224303EB104392B242EA0342E14515
:109C20004FEA234B4EF8042BDED2009BEB582BB9A6
:109C3000019B043B9D421A462FD33C61384601F0FC
:109C40007FF9002825DB2946002058F8042BD1F89D
:109C500000C01FFA82FE1FFA8CF3A3EB0E0303442D
:109C6000120CC2EB234202EB1C429BB243EA0243BA
:109C7000C1454FEA224041F8043BE6D255F8242082
:109C800005EB840322B9043B9D421A460BD33C6189
:109C90000136304603B0BDE8F08F1268043B002A5D
:109CA000CBD1013CC6E71268043B002AEFD1013C4E
:109CB000EAE70020EEE700002DE9F04F14461D46CC
:109CC000C76997B08146CDE90645239E7FB910202C
:109CD00000F00EFE0246C9F81C0020B9EF21AC4B83
:109CE000AC4801F05FFCC0E901770760C760D9F8B4
:109CF0001C30196859B15A68012393404A608B603F
:109D0000484600F0EBFE0022D9F81C301A602B1EEA
:109D1000AFBF0023012223F000430793A8BF3360A5
:109D2000DDF81C809C4BB8BF326033EA080312D1C7
:109D300042F20F73229A1360C8F31303234300F017
:109D40005E85249BDFF854A2002B00F060850AF1A9
:109D5000030300F05ABDDDE90623CDE90C23DDE95C
:109D60000C0100220023F6F729FE074658B1012313
:109D7000229A1360249B13B1894B249A1360DFF855
:109D800024A200F044BD14AB019315AB00934846E8
:109D9000DDE90C2301F084F9C8F30A560390002E84
:109DA00078D0DDE90C010D9BA6F2FF36C3F3130357
:109DB00043F07F5343F440131297194600227A4B25
:109DC000F6F7DCF96CA3D3E90023F6F78FFB6CA35D
:109DD000D3E90023F6F7D4F9044630460D46F6F7EA
:109DE0001BFB69A3D3E90023F6F780FB02460B4671
:109DF00020462946F6F7C4F904460D46F6F726FE36
:109E000000220746002320462946F6F7E1FD40B12F
:109E10003846F6F701FB22462B46F6F7CFFD00B990
:109E2000013F162F54D8DDE90C01604B03EBC7034B
:109E3000D3E90023F6F7CCFD00284BD00023013FE7
:109E40000F93149B9B1B5A1E49BFC3F101030023B0
:109E500004930023099254BF04930993002F3BDB22
:109E6000099B0E973B44099300230A93209B092BDF
:109E700065D8052BC4BF043B2093209BC8BF00249A
:109E8000A3F10203D8BF0124032B64D8DFE803F059
:109E90005355382CDDE914631E4406F23243202B5F
:109EA000C1BFC3F1400308FA03F806F2124324FAD3
:109EB00003F3D6BFC3F1200348EA030004FA03F01A
:109EC000F6F79AFA0122A1F1F873013E129274E7B3
:109ED0000123B5E70F90B4E7049BDB1B04937B429F
:109EE0000A9300230E93C1E701230B93219B07EBF9
:109EF000030B0BF10103012B0893B8BF012306E00C
:109F000001230B93219B002B28DD9B460893002106
:109F10000422D9F81C0002F114059D4226D94160A3
:109F2000484600F09BFD8246002843D1024640F29D
:109F3000AF111F4BD4E60023E3E70023D5E701244C
:109F400000230B9420934FF0FF3B00221223CDF807
:109F500020B02192DBE701230B93F4E74FF0010BD4
:109F60005B46CDF820B0CDF884B0D0E70131520087
:109F7000D1E700BFAFF3008061436F63A787D23F93
:109F8000B3C8608B288AC63FFB799F501344D33FE8
:109F9000D7C00008EEC000080000F07FD3C0000862
:109FA000A7C00008A6C000080000F83F40C2000893
:109FB00046C10008D9F81C301860089B0E2B00F22F
:109FC000A180002C00F09E80002F33DD9C4B07F019
:109FD0000F0203EBC203F805D3E90034CDE91034D6
:109FE0004FEA271416D5DDE90C01964B0326D3E979
:109FF0000823F6F7A5FBCDE9060104F00F04914D07
:10A0000054B9DDE91023DDE90601F6F799FBCDE946
:10A01000060128E00226F2E7E10708D5DDE9100194
:10A02000D5E90023F6F762FACDE910010136641094
:10A030000835E5E700F0AF80DDE90C017C42804B9C
:10A0400004F00F0203EBC203D3E90023F6F74EFA44
:10A0500002260023CDE906017A4D2411002C40F0A0
:10A060008F80002BD3D1DDE906450F9B002B00F03C
:10A070009480002220462946734BF6F7A9FC00285D
:10A0800000F08B80089B002B00F08780BBF1000F55
:10A0900034DD2046002229466C4BF6F727FA5C4651
:10A0A000CDE9060107F1FF3801363046F6F7B4F97D
:10A0B000DDE90623F6F71AFA0022654BF6F760F899
:10A0C0000546A1F15076002C6AD1DDE90601002297
:10A0D000604BF6F753F802460B46CDE906232A46B5
:10A0E0003346F6F793FC002840F09882DDE906013C
:10A0F0002A4606F10043F6F76BFC38BBDDE90C3469
:10A10000CDE90634159B002BC0F257810E2F00F3CA
:10A1100054814B4B03EBC703D3E90034CDE904343E
:10A12000219B002B80F2E580089B002B00F3E1804F
:10A130000CD1DDE904010022464BF6F7D7F9DDE941
:10A140000623F6F759FC002800F066820024254615
:10A15000219B56466FEA030800272146484600F037
:10A16000BDFC002D00F0BD802FB1AF4203D03946B9
:10A17000484600F0B3FC2946484600F0AFFCB0E08A
:10A18000E20705D5D5E90023F6F7B0F9012301363A
:10A190006410083562E7022665E7B846089C84E744
:10A1A000274B0B9903EBC40353E9022354440029C2
:10A1B00054D000202849F6F7C3FA33462A46F5F76B
:10A1C000DDFF5646CDE91001DDE90601F6F73EFC5C
:10A1D0000546F6F721F902460B46DDE90601F5F7DB
:10A1E000CDFF02460B463035CDE90623DDE91023CD
:10A1F00006F8015BF6F7ECFB002872D1DDE90623D7
:10A2000000201149F5F7BAFFDDE91023F6F7E0FB6E
:10A21000002840F0B480A6423FF470AFDDE91001A1
:10A2200000220A4BF6F762F90022CDE91001DDE9C0
:10A230000601064BF6F75AF9CDE90601C4E700BF5F
:10A2400040C2000818C200080000F03F000024408F
:10A2500000001C40000014400000E03F314628464A
:10A26000F6F744F95646CDE910011394DDE90601ED
:10A27000F6F7ECFB0546F6F7CFF802460B46DDE9AC
:10A280000601F5F77BFF02460B46303506F8015B09
:10A29000A642CDE906234FF0000224D1DDE91001EA
:10A2A000AE4BF5F76DFF02460B46DDE90601F6F70A
:10A2B000ADFB002863D1DDE910230020A749F5F7A5
:10A2C0005DFF02460B46DDE90601F6F781FB00283B
:10A2D0003FF414AF139E731E139316F8013C302BFA
:10A2E000F8D047463BE09E4BF6F700F9CDE9060172
:10A2F000BCE75646DDE90645DDE90423204629464C
:10A30000F6F71EFAF6F7A2FB8046F6F785F8DDE9C8
:10A310000423F6F7EBF802460B4620462946F5F7EC
:10A320002DFF08F13004089D06F8014BA6EB0A0446
:10A33000A54202460B4633D1F5F722FFDDE904239F
:10A3400004460D46F6F762FBC0B9DDE9042320465A
:10A350002946F6F733FB10B118F0010F0ED148462D
:10A36000039900F0BBFB00233370229B01371F6071
:10A37000249B002B00F04B821E6048E2B846334617
:10A380001E4613F8012D392A06D19A45F8D13022FC
:10A3900008F101088AF800201A7801321A70A0E743
:10A3A00000226F4BF6F7A2F80022002304460D4668
:10A3B000F6F704FB00289FD0D1E70B9A002A00F0A3
:10A3C000EA80209A012A00F3CD80129A002A00F038
:10A3D000C18003F233430A9C049E049A01211A446B
:10A3E0000492099A48461A44099200F02BFC05464B
:10A3F00066B1099B002B09DDB342A8BF3346049A1E
:10A40000F61AD21A0492099AD31A09930A9B0BB32B
:10A410000B9B002B00F0C680002C00F0C08029466A
:10A420002246484600F0C6FC039A014605464846C7
:10A4300000F01EFC03998046484600F04FFB0A9B43
:10A440001B1B0A9300F0B18041460A9A484600F06F
:10A45000B1FC03900121484600F0F4FB0E9B04463A
:10A46000002B00F0D8811A460146484600F0A2FCB5
:10A47000209B0446012B00F39F80069B002B40F09D
:10A480009780079BC3F31303002B40F09380079B37
:10A4900023F000431B0D1B0533B1049B01330493D0
:10A4A000099B0133099301230A930E9B002B00F0B3
:10A4B000B881236904EB8303186900F077FBC0F1CE
:10A4C0002000099B184410F01F0000F08280C0F1AA
:10A4D0002003042B73DD049BC0F11C000344049390
:10A4E000099B064403440993049B002B05DD1A468F
:10A4F0004846039900F0B8FC0390099B002B05DD4A
:10A5000021461A46484600F0AFFC04460F9B002B3C
:10A5100061D02146039800F013FD00285BDA002388
:10A520000A224846039900F0FBFA0B9B07F1FF381B
:10A530000390002B00F07781294600230A22484629
:10A5400000F0EEFABBF1000F05466FDC209B022BFA
:10A5500049DC6BE0149BC3F136033CE70000E03FAD
:10A5600000002440089B5C1E0A9BA34209DB1C1BC5
:10A57000089B002BBFF630AF049B089A9E1A00235D
:10A580002BE70A9B0E9AE31A1A440A94049E0024AD
:10A59000089B0E9221E70A9C049E0B9D28E7DDF89C
:10A5A0000C8051E70A9A039950E7CDF80C8051E7E7
:10A5B000002379E7069B77E700230A9379E793D096
:10A5C000049A1C331A440492099A1E441A440992AC
:10A5D0008AE70346F4E7089BB846002B20DC9B463D
:10A5E000209B022B1EDDBBF1000F7FF4B1AD214695
:10A5F0005B460522484600F093FA0146044603985C
:10A6000000F09EFC00287FF7A3AD5646312308F1E9
:10A61000010806F8013B9FE5B846089C2546F4E78B
:10A62000DDF820B00B9B002B00F00181002E05DD32
:10A6300029463246484600F017FC05460A9B002B87
:10A640005CD04846696800F009FA064628B9024617
:10A6500040F2EF21804BFFF743BB2A6905F10C0163
:10A66000023292000C30FFF790FA01223146484640
:10A6700000F0FAFB2F4605460AF1010304930AEBAA
:10A680000B030A93069B03F001030993049B2146E5
:10A69000039803F1FF3BFFF786FA03463946303350
:10A6A000069003980B9300F04BFC2A460890214635
:10A6B000484600F061FCC26806460B9B02BB01469F
:10A6C000039800F03DFC02460B9B31464846CDE91D
:10A6D0000B3200F003FA209B0C9A049E42EA03011D
:10A6E000099B19430B9B0DD1392B27D0089A002ABF
:10A6F00001DD069B31338BF800302EE52846B9E7A3
:10A700000122E2E70899002904DB20980143099817
:10A71000014320D1002AEEDD01220399484604932B
:10A7200000F0A2FB2146039000F00AFC0028049BE5
:10A7300002DCE0D1DA07DED5392BDAD139238BF808
:10A74000003033461E4616F8012C013B392A4ED004
:10A7500001321A7001E5002A03DD392BEED00133F6
:10A76000C9E7049A0A9902F8013C8A4228D00023DA
:10A770000A220399484600F0D3F9AF4203904FF004
:10A7800000034FF00A023946484607D100F0C8F9E5
:10A7900007460546049B0133049377E700F0C0F9B0
:10A7A0002946074600230A22484600F0B9F9054623
:10A7B000F0E7BBF1000FCCBF5E46012600275644F0
:10A7C000012203994846049300F04EFB2146039072
:10A7D00000F0B6FB0028B4DC02D1049BDB07B0D448
:10A7E00033461E4613F8012D302AFAD0B5E49A45B7
:10A7F000A8D1312308F101088AF80030ADE4249B88
:10A80000DFF858A01BB10AF10803249A13605046E0
:10A8100017B0BDE8F08F209B012B7FF72EAE0E9B6B
:10A820000A9301204DE6BBF1000F7FF7D9AE5646E3
:10A8300021460398FFF7B7F900F1300306F8013B12
:10A84000A6EB0A029345B4DD00230A224846039989
:10A8500000F066F90390EBE746C10008CAC00008A3
:10A8600038B50546002940D051F8043C0C1F002B98
:10A87000B8BFE41800F0E6F81C4A136833B9636007
:10A8800014602846BDE8384000F0E2B8A34208D979
:10A89000206821188B4201BF19685B680918216084
:10A8A000EDE71A465B680BB1A342FAD9116850185C
:10A8B000A0420BD120680144501883421160E0D1BE
:10A8C00018685B68084410605360DAE702D90C230B
:10A8D0002B60D6E7206821188B4201BF19685B689E
:10A8E0000918216063605460CBE738BDF80500208B
:10A8F000024B0146186800F025B800BF3400002064
:10A9000070B50F4E0C463168054611B900F03AFE9D
:10A9100030602146284600F035FE431C03D14FF03D
:10A92000FF34204670BDC41C24F00304A042F8D0BC
:10A93000211A284600F026FE0130F2D1EFE700BFD1
:10A94000F40500202DE9F843CD1C25F0030508355A
:10A950000C2D38BF0C25002D064601DBA94204D979
:10A960000C2333600020BDE8F883DFF8D48000F0CA
:10A9700069F8D8F800301C4644BB29463046FFF73A
:10A98000BFFF431C044658D1D8F800402746002F8B
:10A9900043D1002C4BD023683946304604EB0309E1
:10A9A00000F0F0FD814542D1216830466D1A2946FC
:10A9B000FFF7A6FF01303AD023682B442360D8F874
:10A9C00000305A6862BBC8F800700FE02268521B62
:10A9D00020D40B2A17D96119A342256018BF5960EA
:10A9E000636808BFC8F8001062514B60304600F041
:10A9F0002FF804F10B00231D20F00700C21A1CBF22
:10AA00001B1AA350AFE76268A3420CBFC8F800202E
:10AA10005A60EBE723466468AEE73C467F68B6E7DA
:10AA20001A465B68A342FBD100235360DEE70C2388
:10AA30003046336000F00CF894E70560D6E700BFBD
:10AA4000F80500200148FFF788B800BFF005002096
:10AA50000148FFF783B800BFF005002070B5C66954
:10AA600004460D4676B91020FFF742FF0246E0612A
:10AA700020B96B21174B184800F094FDC0E901661E
:10AA80000660C660E669F36883B1E369DB6853F882
:10AA90002500B8B9012101FA05F6721D2046920081
:10AAA00000F09EFD60B1C0E901560EE021220421B4
:10AAB000204600F095FDE369F060DB68002BE4D1EF
:10AAC000002070BD026843F825200023C0E903334D
:10AAD000F7E700BFD7C0000857C1000870B5C669C6
:10AAE00005460C4676B91020FFF702FF0246E861E2
:10AAF00020B98F21084B094800F054FDC0E90166D8
:10AB00000660C6603CB1EB696268DB6853F82210EE
:10AB1000216043F8224070BDD7C0000857C100082B
:10AB20002DE9F04107460C461E4600200D6901F153
:10AB3000140CDCF80030013099B202FB01611E0CEC
:10AB40000B0C02FB063389B201EB034185424FEA4D
:10AB500013464CF8041BECDC0EB3A368AB4219DCC3
:10AB6000616838460131FFF779FF804628B902460F
:10AB7000BA210C4B0C4800F015FD226904F10C01C0
:10AB8000023292000C30FFF700F821463846FFF7FA
:10AB9000A5FF444604EB850301355E61256120462F
:10ABA000BDE8F08146C1000857C100080346B0F572
:10ABB000803F3ABF030410200020B3F1807F3CBFE8
:10ABC0001B020830B3F1805F3CBF1B010430B3F1BE
:10ABD000804F3CBF9B000230002B05DB13F0804F01
:10ABE00000F1010008BF202070470368024613F0FF
:10ABF00007000BD0D90721D4980749BF5B089B08F1
:10AC0000012013605CBF02201360704799B209B93C
:10AC100010201B0CD9B209B908301B0A190704BF50
:10AC20001B090430990704BF9B080230D90703D4DD
:10AC30005B0800F1010003D01360704700207047EB
:10AC40002020704710B50C460121FFF707FF024690
:10AC500028B940F24511044B044800F0A3FC01233D
:10AC60004461036110BD00BF46C1000857C1000820
:10AC70002DE9F04F17460A693B6989469A42A2BFFF
:10AC80003B460F4699463D69D9F810A0BB687968E4
:10AC900005EB0A06B34285B0B8BF0131FFF7DEFE0F
:10ACA00030B902464FF4B171404B414800F07AFC94
:10ACB00000F114042346002204EB860E734520D3D2
:10ACC00007F1140809F1140108EB850501EB8A036B
:10ACD0000293EB1B153B23F0030304331537BD42EE
:10ACE00038BF04230193029B03918B420CD8002EA2
:10ACF00003DD5EF8043D002B55D0066105B0BDE8CC
:10AD0000F08F43F8042BD9E7B1F800A0BAF1000F97
:10AD10001FD0C446A14600275CF8042BD9F80030A8
:10AD20001FFA82FB9BB20AFB0B333B44D9F800703D
:10AD3000120C3F0C0AFB027202EB13429BB243EA75
:10AD4000024365454FEA124749F8043BE4D8019BAA
:10AD5000E750039B0431B3F80290B9F1000F20D003
:10AD60004746A4464FF0000A2368B7F800B0BCF885
:10AD700002209BB209FB0B22524443EA02434CF8E7
:10AD8000043B57F8043B4FEA134ABCF80030BD427D
:10AD900009FB0A3303EB12434FEA134AE5D8019A41
:10ADA000A35004349FE7013EA1E700BF46C100085D
:10ADB00057C100082DE9F843154612F00302074673
:10ADC0000E4607D0254C013A002354F82220FFF705
:10ADD000A7FE0646AD103DD0FC697CB91020FFF7F8
:10ADE00087FD0246F86128B940F2B3111C4B1D489B
:10ADF00000F0D8FBC0E901440460C460D7F81C80AF
:10AE0000D8F808404CB940F271213846FFF71AFFD4
:10AE100000230446C8F8080003604FF00009EB0760
:10AE20000AD5314622463846FFF722FF8046314692
:10AE30003846FFF753FE46466D100BD0206838B9F0
:10AE4000224621463846FFF713FF2060C0F80090E5
:10AE50000446E4E73046BDE8F88300BF08C20008B6
:10AE6000D7C0000857C100082DE9F0470C46074637
:10AE700091462369496803EB6218A3684FEA621A96
:10AE800008F10106B3420BDB3846FFF7E7FD054644
:10AE900048B902464FF4EF71274B284800F082FB77
:10AEA00001315B00EEE7002300F1140100F1100214
:10AEB0001846534533DB20692AEAEA7A04F1140381
:10AEC00019F01F0901EB8A0103EB800C2BD08A4695
:10AED0000022C9F1200E186800FA09F010434AF860
:10AEE000040B53F8042B9C4522FA0EF2F3D8ACEB7A
:10AEF0000403153B23F00303043304F115006045FC
:10AF000088BF0423CA500AB108F10206013E384640
:10AF100021462E61FFF7E2FD2846BDE8F08742F8A2
:10AF2000040F0133C5E7043953F8042B9C4541F85D
:10AF3000042FF9D8EAE700BF46C1000857C100084E
:10AF400003460A69006930B5801A0ED114331431F2
:10AF500003EB820401EB820154F8045D51F8042DE7
:10AF6000954203D005D24FF0FF3030BDA342F3D35A
:10AF7000FBE70120F9E700002DE9F74F8946064677
:10AF8000114648461446FFF7DBFF051E12D129463D
:10AF90003046FFF763FD024628B940F237213E4BA9
:10AFA0003E4800F0FFFA0123C0E90435104603B023
:10AFB000BDE8F08FBCBF4B46A1463046D9F804101F
:10AFC000BABF1C4601250025FFF748FD024618B907
:10AFD00040F24521304BE3E700F1140BD9F8107033
:10AFE00009F11003C5604FF0000C09F11405D946B2
:10AFF000266904F1140E05EB87080EEB8606019313
:10B00000019B5EF8040B53F804AF81B201931FFA61
:10B010008AF35B1A000C6344C0EB1A4000EB234038
:10B020009BB243EA004376454FEA204C49F8043B83
:10B03000E6D8331B153B23F0030315340433A64233
:10B0400038BF04231D445B441E462C4644450ED3A2
:10B0500008F10301491B21F00301033DA84538BF56
:10B0600000210B4453F8041D99B117619EE7E64691
:10B0700054F8041B1FFA81FCF444080C714400EBE3
:10B080002C4089B241EA00414FEA204C46F8041BAB
:10B09000DCE7013FE6E700BF46C1000857C10008F2
:10B0A0002DE97343012190469946089EFFF7D6FC8F
:10B0B000044630B9024640F20F31234B234800F0DA
:10B0C00071FAC9F30A55C9F313030DB143F48013A0
:10B0D0000193B8F1000324D068460093FFF785FD83
:10B0E000DDE90012D8B1C0F1200302FA03F30B43EB
:10B0F000C24063610192019B002B0CBF012202221E
:10B10000A3612261ADB1A5F2334505443560C0F1BC
:10B110003500099B1860204602B0BDE8708361616C
:10B12000E9E701A8FFF761FD019B0122636120307F
:10B13000E7E7A0F2324004EB820330601869FFF7C2
:10B1400035FDC0EB4210E4E746C1000857C10008D6
:10B150002DE9F0471F468E688246BE420C46904657
:10B160000B682DD8B1F90C2012F4906F26D06569C8
:10B17000096905EB4505A3EB010905EBD5757B1CBA
:10B180004B446D109D4238BF1D46530527D52946B7
:10B19000FFF7D8FB064660B34A462169FEF7F5FC87
:10B1A000A38923F4906343F08003A38126614E4476
:10B1B00026603E466561A5EB0905A560BE4200D943
:10B1C0003E4632464146206800F0C2F90020A3689E
:10B1D0009B1BA360236833442360BDE8F0872A46A5
:10B1E00000F024FA06460028E0D150462169FFF716
:10B1F00037FB0C23CAF80030A3894FF0FF3043F02F
:10B200004003A381E9E700002DE9F04F98468B89C0
:10B2100007461B060D4614469DB010D50B6973B941
:10B220004021FFF78FFB2860286130B90C233B6079
:10B230004FF0FF301DB0BDE8F08F40236B6100235D
:10B24000099320238DF8293030234FF00109CDF8E0
:10B250000C80DFF898818DF82A3023469A4613F83F
:10B26000012B0AB1252AF9D1BAEB040B0BD05B46AE
:10B27000224629463846FFF76BFF013000F0A780D1
:10B28000099A5A4409929AF80030002B00F09F80E6
:10B2900000234FF0FF32CDE905230AF1010A0493A0
:10B2A00007938DF853301A935446052214F8011B66
:10B2B0004E48FEF75CFC049AD8B9D00644BF202360
:10B2C0008DF85330110744BF2B238DF853309AF873
:10B2D00000302A2B15D0544600204FF00A0C079A54
:10B2E000214611F8013B303B092B4BD9B0B10792F5
:10B2F00014E0A0EB080309FA03F31343A2460493F6
:10B30000D2E7039B191D1B680391002BBBBF5B4257
:10B3100042F0020207930793B8BF049223782E2BC2
:10B320000AD163782A2B32D1039B02341A1D1B6881
:10B33000039243EAE3730593DFF8B4A00322504677
:10B340002178FEF714FC38B14022049BA0EB0A00E0
:10B35000824013430134049314F8011B062225484C
:10B360008DF82810FEF703FC002836D0224B1BBBBB
:10B37000039B073323F0070308330393099B3344EC
:10B3800009936AE70C4601200CFB0232A8E7002370
:10B390004FF00A0C194601340593204610F8012B92
:10B3A000303A092A03D9002BC6D00591C4E70446D8
:10B3B00001230CFB0121F0E703AB00932A4638463A
:10B3C0000E4B04A9FDF754FE421C0646D6D1AB89AC
:10B3D0005B063FF52DAF09982CE703AB00932A4697
:10B3E0003846064B04A9FEF7E1F8EDE7B0C10008C6
:10B3F000B6C10008BAC100087190000851B1000838
:10B40000B1F90C20F8B5160705460C4654D44B6824
:10B41000002B02DC0B6C002B48DDE66A002E45D0C9
:10B42000002312F480522F68216A2B6030D0626DA5
:10B43000A389590705D56368D21A636B0BB1236CD6
:10B44000D21A00232846E66A216AB047431CA38922
:10B4500006D129681D292BD8284ACA40D60727D5E6
:10B46000002262602269D904226004D5421C01D105
:10B470002B6803B96065616B2F60B9B104F14403B7
:10B48000994202D02846FFF7EBF9002363630DE0F1
:10B4900001232846B0470246501CC9D12B68002B17
:10B4A000C6D01D2B01D0162B1DD12F60002021E00E
:10B4B00043F040031BB21AE00F69002FF6D0930748
:10B4C00018BF00230E6808BF4B69F61B0F608B6026
:10B4D000002EEBDD33463A462846216AD4F828C0D0
:10B4E000E047002807DCB4F90C3043F040034FF08C
:10B4F000FF30A381F8BD0744361AE9E70100402078
:10B5000038B50B6905460C4613B90025284638BDE9
:10B5100018B1036A0BB9FEF7F3F9B4F90C30002B3C
:10B52000F3D0626ED00704D4990502D4A06DFEF763
:10B5300014FB28462146FFF763FF636E0546DA07D2
:10B54000E4D4A3899B05E1D4A06DFEF707FBDDE7FA
:10B55000884210B501EB020402D98442234607D881
:10B56000431EA14208D011F8012B03F8012FF8E780
:10B57000014602448A4200D110BD13F8014D02F881
:10B58000014DF7E738B50023054D044608462B600A
:10B59000FAF708FD431C02D12B6803B1236038BDC4
:10B5A000EC0500201FB514461A46094B05461B68DA
:10B5B000D8684CB1074BCDE9013400912B460649C0
:10B5C00000F070F800F080F8044B1C46F3E700BF71
:10B5D00034000020CBC10008D8C1000806C2000812
:10B5E00070B5A1FB025434B92946FFF7ABF9064602
:10B5F00028B9304670BD0C2200260260F9E72A46C1
:10B600002146FEF72CFAF4E782B001B901A942B154
:10B610004BB113780B601278101E18BF012002B0D6
:10B6200070471046FBE76FF00100F8E72DE9F041A5
:10B63000074614460D4621B91146BDE8F041FFF713
:10B6400081B92AB9FFF70CF925462846BDE8F081F3
:10B6500000F041F88442064602D8B4EB500FF4D80B
:10B6600021463846FFF76EF9804608B94546ECE7B3
:10B67000B4422246294628BF3246FEF786FA2946BA
:10B680003846FFF7EDF8F1E70346084641B1FF2AD7
:10B6900004D98A224FF0FF301A60704701200A70E7
:10B6A000704700000EB403B5014603AB054853F8DC
:10B6B000042B0068019300F03DF802B05DF804EB44
:10B6C00003B0704734000020062008B500F006FAE9
:10B6D0000120FAF7F2FB51F8043C181F002BBCBF05
:10B6E0000B58C0187047936810B4013B002B93604F
:10B6F00007DA9469A34201DB0A2902D110BC00F0E9
:10B7000031B91368581C10601970084610BC704796
:10B71000F8B506460F461446D518AC4201D10020B4
:10B7200007E03A46304614F8011BFFF7DCFF431CE4
:10B73000F3D1F8BD2DE9F04F0D4614469846064664
:10B740009DB018B1036A0BB9FEF7DAF86B6ED90732
:10B7500005D4AB899A0502D4A86DFEF7FEF9AB8932
:10B760001B0701D52B699BB92946304600F038F9F3
:10B7700070B16B6EDC0704D54FF0FF301DB0BDE833
:10B78000F08FAB899805F7D4A86DFEF7E7F9F3E7DA
:10B790000023099320238DF8293030234FF001092D
:10B7A000CDF80C80DFF8A8818DF82A3023469A4620
:10B7B00013F8012B0AB1252AF9D1BAEB040B0BD0EF
:10B7C0005B46224629463046FFF7A2FF013000F0D3
:10B7D000A780099A5A4409929AF80030002B00F089
:10B7E0009F8000234FF0FF32CDE905230AF1010AC3
:10B7F000049307938DF853301A935446052214F896
:10B80000011B5348FEF7B3F9049AD8B9D10644BFD7
:10B8100020238DF85330130744BF2B238DF853306A
:10B820009AF800302A2B15D0544600204FF00A0C0D
:10B83000079A214611F8013B303B092B4BD9B0B197
:10B84000079214E0A0EB080309FA03F31343A2469E
:10B850000493D2E7039B191D1B680391002BBBBF08
:10B860005B4242F0020207930793B8BF0492237829
:10B870002E2B0AD163782A2B32D1039B02341A1D56
:10B880001B68039243EAE3730593DFF8C8A0032221
:10B8900050462178FEF76BF938B14022049BA0EBAB
:10B8A0000A00824013430134049314F8011B06225A
:10B8B00029488DF82810FEF75AF900283FD0274B69
:10B8C0001BBB039B073323F0070308330393099B38
:10B8D0003B4409936AE70C4601200CFB0232A8E7BF
:10B8E00000234FF00A0C194601340593204610F846
:10B8F000012B303A092A03D9002BC6D00591C4E7A1
:10B90000044601230CFB0121F0E703AB00932A4618
:10B910003046134B04A9FDF7ABFB0746781CD6D184
:10B920006B6ED90705D4AB899A0502D4A86DFEF7D2
:10B9300015F9AB895B063FF51FAF09981EE703AB0E
:10B9400000932A463046064B04A9FDF72FFEE4E794
:10B95000B0C10008B6C10008BAC100087190000863
:10B9600011B70008F8B50E461446054618B1036A2B
:10B970000BB9FDF7C5FFA369A360A3891A0701D519
:10B98000236943B92146284600F02AF818B14FF040
:10B99000FF373846F8BD23682269F6B2981A636902
:10B9A0003746834205DC21462846FFF7A9FD0028DB
:10B9B000EDD1A368013BA36023685A1C22601E706E
:10B9C0006269431C9A4204D0A389DB07E1D50A2EA1
:10B9D000DFD121462846FFF793FD0028D9D0D6E7CE
:10B9E00038B5294B054618680C4618B1036A0BB9DF
:10B9F000FDF786FFB4F90C30190722D4DA0607D414
:10BA000009222A6043F040034FF0FF30A38133E066
:10BA1000580712D5616B41B104F14403994202D039
:10BA20002846FEF71DFF00236363A38923F0240348
:10BA3000A3810023636023692360A38943F0080383
:10BA4000A38123694BB9A38903F42073B3F5007F65
:10BA500003D02146284600F082F8B4F90C3013F0E8
:10BA600001020AD00022A26062695242A2612269E8
:10BA700042B913F08000C5D138BD990758BF62693B
:10BA8000A260F4E70020F7E7340000201F2938B552
:10BA900005460C4604D9162303604FF0FF3038BD2D
:10BAA000C26B12B152F821304BB9284600F030F881
:10BAB000224601462846BDE8384000F017B8012B61
:10BAC0000AD0591C03D1162303600120E7E70021A7
:10BAD000204642F8241098470020E0E7024B014638
:10BAE0001868FFF7D3BF00BF3400002038B500232B
:10BAF000064D0446084611462B60FAF7CEF9431C62
:10BB000002D12B6803B1236038BD00BFEC050020D3
:10BB1000FAF7BCB970B50C46B1F90E1015460029FC
:10BB20001E4696B00CDAA389002113F0800F14BFD3
:10BB300040234FF48063002031602B6016B070BD4D
:10BB40006A4600F049F80028EDDB019901F47041E4
:10BB5000A1F50053594259414FF48063EBE78B89BB
:10BB6000F7B59D0706460C4607D504F14703236049
:10BB700023610123636103B0F0BD6A4601ABFFF7A7
:10BB8000C9FF009F054639463046FEF7DBFE48B93F
:10BB9000B4F90C309A05EED423F0030343F002030A
:10BBA000A381E2E7A389C4E9040743F08003A381EA
:10BBB000019B20605BB13046B4F90E1000F01EF816
:10BBC00028B1A38923F0030343F00103A381A389D0
:10BBD0001D43A581CFE7000038B50023064D04467C
:10BBE000084611462B60FAF7B7F9431C02D12B68BF
:10BBF00003B1236038BD00BFEC05002038B5002339
:10BC0000054D044608462B60FAF7B5F9431C02D1EE
:10BC10002B6803B1236038BDEC05002038B505461C
:10BC200000F056F80446284600F01EF850B12846A9
:10BC30000B49F5F7FDF938B1FDF764FF22234FF00A
:10BC4000FF440360204638BD28460649F5F7D2F97F
:10BC50000028F7D0FDF756FF222300240360F1E708
:10BC60001772B142B5F1CFC220F00040B0F1FF4FE2
:10BC7000ACBF002001207047C0F3C753002810B5A7
:10BC8000A3F17F04ACBF01214FF0FF311E2C1BDC60
:10BC9000002C04DA013418BF0021084610BD162C10
:10BCA000D8BF4FF48003C0F31602D8BF234142F43B
:10BCB0000002CDBF963B9B18C4F1170402FA03F3B0
:10BCC000D8BFE3405943E8E7F5F7D2F90146E4E786
:10BCD0002DE9F84320F00043B3F1FF4F044604D9A7
:10BCE0000146F4F7E1FE044605E04FEAD07605D1BF
:10BCF000002E40F0C3802046BDE8F88360498842AA
:10BD000004DDBDE8F843002000F0F3B8002807DAAE
:10BD10005C4A934204D9BDE8F843002000F0E5B83E
:10BD2000594A934271D9594A934251D8584B2046A7
:10BD300053F82610F4F7B6FE0546564B53F8267016
:10BD400086F00103A3EB060839462846F4F7AAFE5D
:10BD5000044621462046F4F7AFFF06464E49F4F765
:10BD6000ABFF4E49F4F79EFE3146F4F7A5FF4C4970
:10BD7000F4F79AFE3146F4F79FFF4A49F4F792FE32
:10BD80003146F4F799FF4849F4F78EFE3146F4F74F
:10BD900093FF01462046F4F785FE014606462046FD
:10BDA000F4F78AFF8146B8F1000F43D14FF080418C
:10BDB0003046F4F777FE01464846F5F731F821465C
:10BDC000F4F770FE01464FF07E50F4F76BFE8AE701
:10BDD00036492046F4F770FF354B53F82610F4F738
:10BDE00063FEF5F745F98046F4F712FF3149064640
:10BDF000F4F762FF01462046F4F754FE2E4905464B
:10BE00003046F4F759FF07469EE7B3F1505F0CD276
:10BE10002A492046F4F748FE4FF07E51F5F708F91D
:10BE200030B14FF07E5120465BE74FF0000890E7BD
:10BE300080468EE731464FF08040F4F733FE0146EE
:10BE40004846F4F7EDFF01463846F4F72BFE294645
:10BE5000F4F728FE01464FF07E50F4F723FE18F168
:10BE60007D0F02DB00EBC85445E708F164084FF092
:10BE7000586100EBC850F4F71FFF34E700243AE79D
:10BE80001772B142B5F1CF421872B13E9115853F9C
:10BE900014C400080CC400084CBB31330EEADD3575
:10BEA00055B38A38610B363BABAA2A3E3BAAB83F52
:10BEB0001CC400088071313FD1F71737CAF24971AD
:10BEC00038B504460D46FDF71DFE0560204638BD19
:10BED00008B540B101F10040F4F7EEFEBDE80840BE
:10BEE0002221FFF7EDBF0846F6E74FF08051FFF73C
:10BEF000EFBF4FF0E041FFF7EBBF0000F8B500BF28
:10BF0000F8BC08BC9E467047F8B500BFF8BC08BC3A
:04BF10009E46704792
:10BF18003D3D4F5645522054454D50213D3D000072
:10BF28003D3D53454E534F52204552524F523D3D91
:10BF3800000000005353523A204F464600000000CC
:10BF480054656D703A253464DF432050302F2575D1
:10BF580000000000543A253464DF43205041555313
:10BF68004500000054656D703A253464DF43204471
:10BF78004F4E450054656D703A253464DF432050B8
:10BF880025752F257500000054696D653A20253008
:10BF9800326C753A2530326C753A2530326C750042
:10BFA80054696D653A2530336C753A2530326C75B5
:10BFB8003A2530326C7500005B53455420494E5485
:10BFC800455256414C5D00005175616E7469747933
:10BFD8003A202575000000003D3D3D3D2053455465
:10BFE80020502575203D3D3D3D0000004D5400008A
:10BFF80054494F54000000003E4D6F64653A2025B7
:10C00800730000003E5365742054656D7000000095
:10C018003E5365742054696D650000005B534554B8
:10C028002054454D50205025755D000054687265B8
:10C03800733A202530347520DF4300005B534554A4
:10C048002054494D45205025755D000054696D65A3
:10C058003A20253032753A253032753A2530327516
:10C0680000000000000000000000000001020304BE
:10C078000607080900000000010203040203040582
:10C08800060708090A0B0C0D0E0F10100102494E85
:10C098004600696E66004E414E006E616E003000CB
:10C0A80030313233343536373839414243444546E6
:10C0B800003031323334353637383961626364657C
:10C0C8006600496E66696E697479004E614E005269
:10C0D80045454E54206D616C6C6F632073756363C6
:10C0E8006565646564002F6275696C642F676E7599
:10C0F8002D746F6F6C732D666F722D73746D333280
:10C108005F31332E332E72656C312E32303235303A
:10C118003532332D303930302F7372632F6E657797
:10C128006C69622F6E65776C69622F6C6962632F28
:10C138007374646C69622F64746F612E630042616A
:10C148006C6C6F6320737563636565646564002F49
:10C158006275696C642F676E752D746F6F6C732DC3
:10C16800666F722D73746D33325F31332E332E72D6
:10C17800656C312E32303235303532332D3039302E
:10C18800302F7372632F6E65776C69622F6E6577D7
:10C198006C69622F6C6962632F7374646C69622FB7
:10C1A8006D707265632E6300232D302B2000686C40
:10C1B8004C00656667454647004300504F53495851
:10C1C800002E002C2066756E6374696F6E3A20002D
:10C1D800617373657274696F6E20222573222066FD
:10C1E80061696C65643A2066696C65202225732252
:10C1F8002C206C696E65202564257325730A000060
:10C2080005000000190000007D000000000000008B
:10C218000080E03779C34143176E05B5B5B893463A
:10C22800F5F93FE9034F384D321D30F94877825A06
:10C238003CBF737FDD4F1575000000000000F03F24
:10C2480000000000000024400000000000005940E9
:10C258000000000000408F40000000000088C3403C
:10C2680000000000006AF8400000000080842E41B1
:10C2780000000000D01263410000000084D79741FD
:10C288000000000065CDCD41000000205FA0024203
:10C29800000000E876483742000000A2941A6D4278
:10C2A800000040E59C30A2420000901EC4BCD6426B
:10C2B80000003426F56B0C430080E03779C3414316
:10C2C80000A0D8855734764300C84E676DC1AB438C
:10C2D800003D9160E458E143408CB5781DAF1544AA
:10C2E80050EFE2D6E41A4B4492D54D06CFF0804485
:10C2F800F64AE1C7022DB544B49DD9794378EA449A
:10C30800002020202020202020202828282828201D
:10C318002020202020202020202020202020202015
:10C32800208810101010101010101010101010107D
:10C33800100404040404040404040410101010106D
:10C348001010414141414141010101010101010137
:10C358000101010101010101010101011010101089
:10C368001010424242424242020202020202020209
:10C37800020202020202020202020202101010105D
:10C388002000000000000000000000000000000085
:10C398000000000000000000000000000000000095
:10C3A8000000000000000000000000000000000085
:10C3B8000000000000000000000000000000000075
:10C3C8000000000000000000000000000000000065
:10C3D8000000000000000000000000000000000055
:10C3E8000000000000000000000000000000000045
:10C3F8000000000000000000000000000000000035
:10C4080000000000D1F71737D1F717B78071313F17
:0CC41800807131BF0000003F000000BF39
:08C424002C3DFF7F0100000028
:04C42C0035010008CE
:04C4300011010008EE
:10C434000000A0410AD7A33C00007A43000080BF5B
:10C44400010101010101FF000000A04000127A0077
:10C4540010000000010000000000000003000000C4
:10C46400B00400203800002000000000B0040020C8
:10C4740018050020800500200000000000000000D6
:10C4840000000000000000000000000000000000A8
:10C494000000000000000000000000000000000098
:10C4A4000000000000000000000000000000000088
:10C4B4000000000043000000000000000000000035
:10C4C4000000000000000000000000000000000068
:10C4D4000000000043000000000000000000000015
:10C4E4000000000000000000000000000000000048
:10C4F40000000000430000000000000000000000F5
:10C504000000000000000000000000000000000027
:10C5140000000000430000000000000000000000D4
:10C524000000000000000000000000000000000007
:10C5340000000000430000000000000000000000B4
:10C5440000000000000000000000000000000000E7
:10C554000000000043000000000000000000000094
:10C5640000000000000000000000000000000000C7
:10C574000000000043000000000000000000000074
:10C5840000000000000000000000000000000000A7
:10C594000000000089B6000809B600080000000089
:10C5A40008C30008C9C1000806C2000806C2000882
:10C5B40006C2000806C2000806C2000806C2000837
:10C5C40006C2000806C2000806C20008FFFFFFFFFB
:10C5D400FFFFFFFFFFFFFFFFFFFF000001004153CC
:10C5E4004349490000000000000000000000000072
:10C5F40000000000000000000000000000004153A3
:10C604004349490000000000000000000000000051
:10C614000000000000000000000000000000000016
:040000050800601D72
:00000001FF
